query,query_type,vanilla,agentic,agentic-graph,graphrag,oracle_pipeline,oracle_f1
"After the command link is lost, what warning and command inhibit must the GCS provide while the aircraft returns to the current authenticated rally point?",2-hop,1.0,0.8571,0.8380666666666666,0.8214,vanilla,1.0
"At what rate must the recorder log the communications data link health/status word, given mandatory-parameter native-rate recording and the health word’s own update requirement?",2-hop,0.7301666666666667,1.0,0.9523666666666667,1.0,agentic,1.0
"Can payload sensor health and pointing data reach the GCS with mode-change telemetry within 200 ms, given return-link aggregation and payload status publication rates?",2-hop,0.6667,0.0,0.0,0.8571,graphrag,0.8571
Can the GCS uplink a flight plan change over the command data link while requiring operator confirmation before the FMS activates it?,2-hop,0.2857,0.0,0.13333333333333333,0.39053333333333334,graphrag,0.39053333333333334
"Can the control station’s 2 Hz engine telemetry support validating waypoint fuel-flow prediction accuracy, given the engine status message content and rate published for downstream flight management use?",2-hop,0.46293333333333336,0.19046666666666667,0.0,0.5636666666666666,graphrag,0.5636666666666666
Can the flight data recorder capture fuel-state updates at a rate sufficient to support the flight management system’s top-of-climb and top-of-descent recalculation needs?,2-hop,0.46293333333333336,0.0,0.3333333333333333,0.9166666666666666,graphrag,0.9166666666666666
Do the payload-bay mounting rails and bus routing provide enough EMC shielding for coexistence with the selectable-power VHF transceiver under the CDL’s DO-160G Category Y requirement?,2-hop,0.5290666666666667,0.35556666666666664,0.5476,0.6944666666666667,graphrag,0.6944666666666667
Does the equipment management system ingest power-subsystem mode/status over the primary avionics bus at a minimum 5 Hz update rate?,1-hop,0.0,0.0,0.0,0.0,vanilla,0.0
"Does the flight-plan upload path use the same public-key signature controls as field firmware updates over MBIT, including GCS countersignature and rejection of invalid, expired, or revoked loads?",2-hop,0.8214,0.0,0.0,0.7079333333333334,vanilla,0.8214
Does the ice-protection power budget and 0.5 Hz zone reporting comply with the electrical subsystem’s continuous essential-bus generator load limit?,1-hop,0.8000000000000002,0.5238,0.46293333333333336,0.6476000000000001,vanilla,0.8000000000000002
Does the primary essential bus power specification satisfy the flight control computer’s 28 VDC interface and undervoltage requirements?,1-hop,0.8000000000000002,0.3555333333333333,0.34523333333333334,0.8000000000000002,vanilla,0.8000000000000002
"Does the selected VHF transceiver transmit power remain compliant with EMC coexistence expectations for the CDL, GPS, and radar altimeter under DO-160G Category Y?",2-hop,0.5,0.48146666666666665,0.2619,0.6667,graphrag,0.6667
"During EMC Category Y coexistence testing with CDL and GPS active, which CDL operational modes should the radar altimeter remain interference-free in while maintaining RA track and PVT output?",2-hop,0.7111333333333333,0.3333333333333333,0.2222333333333333,1.0,graphrag,1.0
"During a 50 ms Category Z primary-power interruption, how does the specified essential-bus hold-up provision ensure both the INS and FCC remain continuously operational?",2-hop,0.8571,0.5555666666666667,0.4666666666666666,0.6667,vanilla,0.8571
"During a 50 ms Category Z primary-power interruption, what essential-bus hold-up energy provision ensures both navigation output continuity and uninterrupted FCC inner-loop execution?",2-hop,1.0,0.8690333333333333,0.8214,0.8571,vanilla,1.0
"During a single-engine-out event, what automatic detection, rudder-trim, and crew alerting sequence supports altitude hold with the remaining engine at 95% power?",2-hop,1.0,0.7111333333333333,0.6111333333333333,0.5714,vanilla,1.0
"During an MBIT firmware update, how should invalid or expired signature detection drive FMS mode transition and allowable navigation capability?",2-hop,0.6031666666666666,0.19046666666666667,0.0,0.5476,vanilla,0.6031666666666666
"During fault-injection testing, if the APU self-shuts down on a monitored health exceedance during start, what EPS mode transition and RTB behavior must be demonstrated?",2-hop,0.9523666666666667,0.7238000000000001,0.7746,0.6222333333333333,vanilla,0.9523666666666667
"During high-power takeoff, how does the FCC’s reserve N1 limiting affect pitch-rate reduction logic and the engine-status data published to downstream systems?",2-hop,0.5476,0.3,0.33966666666666673,0.6040666666666666,graphrag,0.6040666666666666
"During standby-to-coarse-align motion rejection, what operator alignment-status indication is required on the HMI?",1-hop,1.0,1.0,1.0,1.0,vanilla,1.0
"During takeoff-to-climb transition, when may the FCC enable the inner-loop climb schedule given sustained climb rate, both main-gear WoW indications, sensor voting, and input debounce?",2-hop,0.6667,0.6667,0.6111333333333333,0.6667,vanilla,0.6667
"During the 60-minute HIL verification, how should you confirm the flight recorder captures the emergency management system status information at the required cadence with valid timestamps?",2-hop,0.5460333333333334,0.7555666666666667,0.7111333333333333,0.5142666666666668,agentic,0.7555666666666667
"During the fault-injection mode-transition test, when battery-only operation is entered after generator and APU failures, which loads must remain powered and which bus ties must change state?",2-hop,0.6349333333333332,0.6031666666666666,0.6031666666666666,0.7857,graphrag,0.7857
"For AeroLynx-X2, how is single-engine-out detection and asymmetric-thrust compensation validated from injected N1 loss through FCC response and operator notification timing?",2-hop,0.8571,0.3555333333333333,0.3277666666666667,0.7857,vanilla,0.8571
"For Stratos-7 max-brake-energy landings, how must brake cooling and software assurance align with the landing gear and braking specification?",2-hop,1.0,0.6190333333333333,0.0,0.8571,vanilla,1.0
"For an uplinked flight-plan modification, what operator-logged evidence is required before activation, and how does the referenced data-link verification demonstrate secure command handling?",2-hop,0.3386,0.2896666666666667,0.2896666666666667,0.4545333333333333,graphrag,0.4545333333333333
"For authenticated in-flight mode changes, how do the message authentication methods and key-rotation policy align with the Link 16 terminal’s approved crypto module and 30-day key storage?",2-hop,0.5,0.7222333333333334,0.3611,0.3535,agentic,0.7222333333333334
"For autonomous mode engagement exceptions, what authentication mechanism must operator engagement requests use on the control data links?",1-hop,0.8000000000000002,0.8889,1.0,0.8000000000000002,agentic-graph,1.0
"For civil Nimbus-C3 operations, what SBAS processing capability is required for the INS to achieve the SORA OC-3 containment volume navigation performance?",2-hop,0.6667,0.0,0.0,0.6667,vanilla,0.6667
"For ground maintenance fault injection through the power subsystem via the built-in test interface, what operator authentication is required and where must it be enforced?",2-hop,0.8571,0.0,0.0,0.9523666666666667,graphrag,0.9523666666666667
"For ground-maintenance fault-injection commands sent from BIT to the power subsystem, what operator authentication must be completed first, and by what login method?",2-hop,0.8571,0.20633333333333334,0.38093333333333335,0.8571,vanilla,0.8571
"For ground-maintenance fault-injection on the power subsystem via the BIT maintenance interface, what operator authentication is required before BPCU commands are accepted?",2-hop,0.8214,0.0,0.0,0.8571,graphrag,0.8571
"For high-altitude operation to 44,000 ft, what GPS-aided NAV position accuracy limit must the INS still meet?",1-hop,0.9333333333333332,0.0,0.0,0.9333333333333332,vanilla,0.9333333333333332
"For loss of INS with no valid GPS/barometric fallback, what autonomous emergency transition and priority-tagged GCS mode-change notification are required?",2-hop,0.8000000000000002,0.8000000000000002,0.5682333333333334,0.7857,vanilla,0.8000000000000002
"For maintenance-only external GNSS aiding used to reduce TTFF after storage, what operator authentication must be completed first, and where is it enforced?",2-hop,1.0,0.8000000000000002,1.0,0.5455,vanilla,1.0
"For operator fuel commands sent over the data link, what encryption/authentication scheme and key-rotation rule must the interface comply with?",2-hop,0.9047333333333333,0.9047333333333333,0.9047333333333333,0.7579333333333333,vanilla,0.9047333333333333
"For payload telemetry forwarded for downlink, which fuel-control operator command path must the return-link interface also support, and under what authentication requirement?",2-hop,0.5714,0.3386,0.0,0.5714,vanilla,0.5714
"For secure UHF voice operation, what encryption/authentication scheme and key-rotation policy apply, and what happens if no valid key is loaded?",2-hop,0.8571,0.8571,0.8571,0.8571,vanilla,0.8571
"For the Nimbus-C3 external cargo pod interface, what FCC lane architecture is the PMC’s MIL-STD-1760 umbilical implementation referencing?",1-hop,0.4000000000000001,0.0,0.0,0.7238000000000001,graphrag,0.7238000000000001
"For the Skyrunner-T1 test configuration, how is the FCC’s duplex single-LRU architecture derived from the platform-dependent independent-lane requirement?",1-hop,0.5682333333333334,0.5926,0.7238000000000001,0.6052666666666667,agentic-graph,0.7238000000000001
"For the battery maintenance interface, what authentication must be enforced before any diagnostics, firmware updates, or calibration actions are permitted?",2-hop,1.0,0.0,0.0,1.0,vanilla,1.0
"For the flight data recorder’s mandatory engine-parameter logging, which engine status message fields must be captured, and at what recorder rate versus publication rate?",2-hop,1.0,0.0,0.3333333333333333,0.7738,vanilla,1.0
"For the live multi-aircraft separation test, which platform relies on navigation integration instead of an FMS, and what DAL applies to its navigation software?",2-hop,0.8000000000000002,0.8190333333333334,0.7523666666666666,0.8571,graphrag,0.8571
"Given the SAR’s EMC coexistence with the CDL, which GNSS bands and constellations must remain trackable on Stratos-7, AeroLynx-X2, and Nimbus-C3?",2-hop,0.3333,0.27776666666666666,0.3952333333333333,0.6667,graphrag,0.6667
How are authenticated operator mode-change commands from the ground station routed through the data link to engage autopilot modes requiring explicit operator authorization?,2-hop,0.6904666666666667,0.38786666666666664,0.21009999999999998,0.4000000000000001,vanilla,0.6904666666666667
How are the inertial-measurement structural-notch filters validated using ground-vibration data and in-flight flutter testing to show adequate damping through the required flutter-clearance margin?,2-hop,0.75,0.7380666666666666,0.5555666666666667,0.6667,vanilla,0.75
How are the notch filters on inertial measurements derived from validated ground-vibration modal data and then verified before flutter-clearance flight testing?,2-hop,0.6667,0.6031666666666666,0.6031666666666666,0.6667,vanilla,0.6667
"How do lateral-guidance accuracy requirements constrain autopilot roll and throttle targets through the FCC flight-control command limits across enroute, terminal, and approach phases?",2-hop,0.5,0.2896666666666667,0.2857,0.5666666666666667,graphrag,0.5666666666666667
How do the GPS-derived power constraints propagate through command/data handling and back into power requirements to shape the inertial subsystem’s implementation?,3+-hop,0.0,0.22376666666666667,0.21009999999999998,0.37556666666666666,graphrag,0.37556666666666666
"How do the automated control functions trace through security and emergency management constraints to the cockpit display behavior, and what end-to-end dependency does that imply?",3+-hop,0.0,0.0,0.0,0.21830000000000002,graphrag,0.21830000000000002
How do the automated control requirements trace through the radar subsystem dependencies to justify the final referenced automation constraint across the full chain?,3+-hop,0.0,0.0,0.0,0.0,vanilla,0.0
"How do the autonomous control requirements trace through security constraints into emergency management behavior, and which security requirement closes the loop back into the autonomy design?",3+-hop,0.0,0.0,0.09523333333333334,0.0,agentic-graph,0.09523333333333334
"How do the data link crypto module and key-retention requirements support authenticated autonomous autopilot mode engagements, particularly for exceptions like DAA Resolution and RTB?",2-hop,0.48146666666666665,0.1574,0.07406666666666667,0.48146666666666665,vanilla,0.48146666666666665
How do the emergency management constraints propagate through power allocation and navigation dependencies to determine the final command/data link behavior?,3+-hop,0.0,0.0,0.0,0.0,vanilla,0.0
How do the navigation power allocation constraints propagate through the command/data link back into power management and ultimately affect the flight control computer interface requirements?,3+-hop,0.0,0.05126666666666666,0.0,0.0,agentic,0.05126666666666666
"How does in-field LRU firmware updating ensure only signed loads are accepted, and during INIT how is an expired navigation database revision rejected?",2-hop,1.0,0.4761666666666667,0.16666666666666666,0.8571,vanilla,1.0
"How does navigation fusion respond to inertial/GPS spoof indications, and which INS spoof-detection criteria drive rejection of suspect GPS updates?",1-hop,0.6031666666666666,0.7111333333333333,0.7778,0.6031666666666666,agentic-graph,0.7778
How does payload-bay thermal management need to accommodate the SAR’s platform-specific steady-state and transmit-pulse power loads while keeping sensor electronics within operating range?,2-hop,0.8214,0.0,0.0,0.8571,graphrag,0.8571
How does the APM guidance requirement trace through security and built-in test constraints into flight-control behavior and ultimately the landing subsystem requirement?,3+-hop,0.0,0.0,0.20633333333333334,0.0,agentic-graph,0.20633333333333334
How does the FCC’s 1 Hz BIT status reporting drive both FDR health-record storage and the BIT subsystem’s consolidated health-status publication?,2-hop,0.8214,0.8214,0.6722333333333333,0.5636666666666666,vanilla,0.8214
"How does the GPS requirement trace through inertial navigation to the downstream GPS dependency and back into INS, and what end-to-end dependency does that establish?",3+-hop,0.0,0.0,0.0,0.0,vanilla,0.0
How does the HIL GPS-outage test verify the fusion function meets the >60 s reversion and annunciation behavior required by the underlying inertial degraded mode requirement?,2-hop,0.7857,0.5222333333333333,0.7857,0.7857,vanilla,0.7857
How does the Skyrunner-T1 hybrid-mode test requirement refine the higher-level navigation-mode accuracy and output requirement?,1-hop,0.8666666666666667,0.7111333333333333,0.7111333333333333,0.48146666666666665,vanilla,0.8666666666666667
How does the application process requirement trace through security and built-in test constraints to the ground control station capability it ultimately depends on?,3+-hop,0.20740000000000003,0.27676666666666666,0.42250000000000004,0.4444000000000001,graphrag,0.4444000000000001
"How does the autonomous function’s top-level requirement trace through radar interface constraints and back to its originating autonomy requirement, and what end-to-end obligation does that imply?",3+-hop,0.0,0.5714,0.2857,0.41736666666666666,agentic,0.5714
How does the command path from the ground station to the flight control computer ensure invalid commands are rejected before reaching the control laws?,2-hop,0.5,0.19046666666666667,0.26453333333333334,0.5333333333333333,graphrag,0.5333333333333333
"How does the command-validation discipline ensure unauthenticated, replayed, stale, or out-of-sequence ground commands are rejected before reaching the flight control laws?",2-hop,0.5476,0.3881666666666666,0.3174333333333333,0.5356666666666666,vanilla,0.5476
"How does the control data link requirement propagate through flight control and flight management into the pilot interface, and what end-to-end behavior must the cockpit display present?",3+-hop,0.0,0.05556666666666666,0.0,0.05556666666666666,agentic,0.05556666666666666
"How does the engine management requirement trace through fuel system behavior to the cockpit indication requirement, and what fuel-related dependency is fed back into that control path?",3+-hop,0.0,0.0,0.0,0.0,vanilla,0.0
"How does the flight control computer’s referenced requirement propagate through flight data recording and navigation logic to the underlying GPS requirement, and what end-to-end behavior is mandated?",3+-hop,0.0,0.0,0.22626666666666664,0.0,agentic-graph,0.22626666666666664
"How does the flight control function depend on power support through navigation and ultimately inertial sensing, and what end-to-end behavior is required across those subsystems?",3+-hop,0.0,0.0,0.0,0.0,vanilla,0.0
"How does the flight control requirement trace through the data link and flight management functions to the crew interface, and what flight management behavior closes the loop?",3+-hop,0.0,0.0,0.25833333333333336,0.12119999999999999,agentic-graph,0.25833333333333336
"How does the fuel-system requirement trace through data loading and flight-control software to the final data-loader constraint, and what end-to-end dependency does that establish?",3+-hop,0.0,0.0,0.0,0.0,vanilla,0.0
"How does the ground control requirement ultimately propagate through autonomy and energy management to the flight data recorder, and what recorder behavior is required as a result?",3+-hop,0.0,0.0,0.0,0.0,vanilla,0.0
How does the ground-vibration test’s identified modal model determine the notch-filter frequencies and widths applied to inertial measurements before inner-loop control?,2-hop,0.75,0.75,0.7857,0.75,agentic-graph,0.7857
"How does the payload’s structural interface flow down through the data link and command/telemetry link into the communications subsystem, and what end-to-end constraints must remain consistent?",3+-hop,0.0,0.0,0.0,0.0,vanilla,0.0
"How does the power management requirement ultimately trace through autonomy and emergency management to the flight data recording obligation, and what end-to-end behavior must be captured?",3+-hop,0.0,0.0635,0.0,0.0,agentic,0.0635
"How does the power requirement for the GPS path flow through the intermediate power and inertial references back to the originating power constraint, and what end-to-end obligation results?",3+-hop,0.0,0.0,0.0,0.5333333333333333,graphrag,0.5333333333333333
How does the secure data-link implementation satisfy the automation-level requirement while propagating referenced constraints through automation behavior to the radar subsystem?,3+-hop,0.0,0.2359,0.22376666666666667,0.2867,graphrag,0.2867
"How does the security requirement propagate through built-in test and power into the instrumentation requirement, and what referenced security dependency must also be considered?",3+-hop,0.0,0.0,0.2222333333333333,0.46900000000000003,graphrag,0.46900000000000003
How does the thermal control architecture referenced by the initial avionics power requirement ultimately constrain the downstream avionics power requirement reached at the end of the trace chain?,3+-hop,0.0,0.0,0.12119999999999999,0.0,agentic-graph,0.12119999999999999
"How does the two-aircraft live-network separation test demonstrate the coordinated-flight function is supported by guidance accuracy sufficient to meet enroute, terminal, and approach TSE limits?",2-hop,0.6667,0.6238,0.4127,0.5818333333333333,vanilla,0.6667
"How is a malformed GCS command screened against table-defined limits, sequence, and authentication before rejection and prevention of propagation into the control laws?",2-hop,0.46293333333333336,0.6984,0.6667,0.5818333333333333,agentic,0.6984
"How is a suspected GPS spoofing event detected in the inertial filter, handled in navigation fusion, and propagated to security monitoring and logging?",2-hop,0.7857,0.4026666666666667,0.48889999999999995,0.6944666666666667,vanilla,0.7857
"How is an EKF divergence detected, reset, and cross-referenced to flight data recording of the divergence snapshot and reset state?",1-hop,0.9333333333333332,0.7555666666666667,0.7555666666666667,0.7238000000000001,vanilla,0.9333333333333332
"How is an uplinked flight plan modification protected if cryptographic keys are zeroised, and what verification demonstrates the data link goes safely OFF afterward?",2-hop,0.5476,0.0,0.5079333333333333,0.5666666666666667,graphrag,0.5666666666666667
"How is autonomous or operator-requested autopilot mode engagement authenticated over the data link, and what terminal cryptographic capability must support that protection?",2-hop,0.5714,0.6031666666666666,0.6793666666666667,0.4000000000000001,agentic-graph,0.6793666666666667
"How is command traffic from the ground station routed to the flight control computer, and what validation must occur before use?",1-hop,0.0,0.0,0.0,0.5476,graphrag,0.5476
How is compliance shown that 10 Hz health-monitoring tasks do not cause the 50 Hz outer-loop guidance law to exceed its 95%-of-cycles 2 ms jitter limit?,2-hop,0.6031666666666666,0.6667,0.6746,0.7857,graphrag,0.7857
How is end-to-end DAA resolution coupling verified from intruder-profile injection through RA arming to autopilot engagement and correct rate-limited manoeuvre execution timing?,2-hop,0.8571,0.0,0.0,0.6944666666666667,vanilla,0.8571
"How is operator-triggered MBIT maintenance on the FCC’s ground Ethernet port authenticated, and under what ground-only conditions is that port enabled?",2-hop,0.7857,0.48146666666666665,0.5185,0.7579333333333333,vanilla,0.7857
How is radar-altimeter EMC coexistence verification performed while the onboard GNSS receiver tracks its required frequencies with CDL transmissions active?,2-hop,0.7238000000000001,0.0,0.25,0.8571,graphrag,0.8571
How is the 10 Hz FCC background health monitoring constrained to avoid violating the outer-loop 50 Hz guidance jitter requirement?,1-hop,0.7111333333333333,0.8666666666666667,0.8666666666666667,0.6111333333333333,agentic,0.8666666666666667
How is the 30-minute battery discharge endurance test tied to the lost-link return-to-base mission profile and associated essential/emergency bus loads?,2-hop,0.5481333333333334,0.0,0.0,0.4913666666666667,vanilla,0.5481333333333334
How is the EOIR geolocation accuracy flight test tied to the navigation solution’s WGS-84 position output and synchronized MGRS display representation?,2-hop,0.9523666666666667,0.0,0.0,1.0,graphrag,1.0
How is the FCC’s 100 ms debounced weight-on-wheels input behavior verified on DAL-A platforms under a single landing-gear sensor fault?,2-hop,0.8000000000000002,0.3555333333333333,0.6222333333333333,0.8000000000000002,vanilla,0.8000000000000002
How is the SAR status telemetry publication to the mission computer aligned with the payload telemetry aggregation and downlink path?,1-hop,0.3333,0.0,0.35713333333333336,0.2619,agentic-graph,0.35713333333333336
How is the flight control computer’s 50 ms power-interruption continuity requirement shown compliant through the power hold-up provision and its Category Z verification testing?,2-hop,0.7714,0.6667,0.6667,0.8571,graphrag,0.8571
How is the flight data recorder’s operator-action logging requirement satisfied by the ground control station’s audit trail and retention provisions?,1-hop,0.8000000000000002,0.0,0.16666666666666666,0.9333333333333332,graphrag,0.9333333333333332
How is the landing weight-on-wheels dual-sensor/voting architecture verified to ensure correct discrete output under a single-sensor fault?,1-hop,0.9333333333333332,0.8000000000000002,0.8000000000000002,0.8000000000000002,vanilla,0.9333333333333332
"How is the power subsystem’s APU load-transfer command sequence validated across sea-level and 44,000‑ft conditions to ensure timely ready acknowledgement before transfer?",2-hop,1.0,0.0,0.25,1.0,vanilla,1.0
How must the FCC’s 10 Hz background BIT scheduling preserve compliance with the inner-loop 200 Hz jitter requirement?,1-hop,0.8000000000000002,0.8000000000000002,0.8666666666666667,0.7111333333333333,agentic-graph,0.8666666666666667
"How would the 60-minute HIL data review confirm the recorder captures BIT fault information from the mandatory parameter set, given the subsystem’s published health-status message details?",2-hop,0.4666666666666666,0.4656,0.4841333333333333,0.5982999999999999,graphrag,0.5982999999999999
"If a condition escalates to WARNING, how quickly must the ground station annunciate it, and what audio cue and repeat behavior are required?",2-hop,1.0,1.0,1.0,1.0,vanilla,1.0
"If an operator commands an emergency return or diversion, what encryption, authentication, and key-validity conditions must the communications link and secure UHF voice satisfy before execution?",2-hop,0.75,0.5357,0.7857,0.6722333333333333,agentic-graph,0.7857
"If external GNSS aiding is invoked through maintenance, what authentication and which maintenance interface requirements govern using the APM ground-maintenance port?",2-hop,0.8571,0.8000000000000002,0.8000000000000002,0.8571,vanilla,0.8571
"If navigation flags spoofed GPS or INS inputs and deweights them, how is the resulting cyber incident prioritized by emergency management and what operator action follows?",2-hop,0.2619,0.37776666666666664,0.37033333333333335,0.6897666666666668,graphrag,0.6897666666666668
"If primary aircraft power drops out for 50 ms, how do the FCC hold-up requirement, essential-bus energy provision, and GNSS ride-through capability align?",2-hop,0.6904666666666667,0.6944666666666667,0.6111333333333333,0.43579999999999997,agentic,0.6944666666666667
"If spoofing is suspected, how are GPS updates and aircraft control affected, and which monitoring and incident-response actions must follow?",2-hop,0.75,0.06666666666666667,0.08333333333333333,0.5636666666666666,vanilla,0.75
"If the GCS sends a COMM tuning/PTT command over the datalink, what command range, bus, and maximum dispatch rate govern its routing through the CDL?",2-hop,0.6349333333333332,0.6555666666666666,0.7111333333333333,0.9333333333333332,graphrag,0.9333333333333332
"If the GNSS receiver suspects jamming but can still track some satellites, how should NAV fusion treat GPS measurements and what security-monitor coordination is required?",2-hop,0.9047333333333333,0.6349333333333332,0.6309333333333333,0.6222333333333333,vanilla,0.9047333333333333
"If the command link is lost long enough to trigger return-to-base, can the aircraft autonomously use the current operator-updated rally point without prior operator engagement?",2-hop,0.6031666666666666,0.0,0.19046666666666667,0.7579333333333333,graphrag,0.7579333333333333
"If the ground station sends FCC-directed commands at 20 Hz, how are invalid ranges, rates, sequence numbers, and unknown targets handled before reaching control laws?",2-hop,0.5714,0.5778,0.6667,0.6667,agentic-graph,0.6667
"If the operator commands autonomous-flight mode engagement from the ground station, how must the command be routed, and which modes still require explicit authenticated engagement?",2-hop,0.22220000000000004,0.2896666666666667,0.17856666666666668,0.1818,agentic,0.2896666666666667
"If the primary INS attitude stream degrades below required rate or validity, how quickly must the FCC switch to the backup GPS-aided AHRS to maintain flight-control attitude input?",2-hop,0.8222333333333335,0.6667,0.6349333333333332,0.8222333333333333,vanilla,0.8222333333333335
"In INIT mode, what signed-manifest and signature-validation checks must the FMS apply before accepting a navigation database revision?",1-hop,0.5460333333333334,0.0,0.0,0.8222333333333335,graphrag,0.8222333333333335
"In NAV mode, does the inertial unit’s 200 Hz output to the flight control computer satisfy the computer’s inertial data input rate and latency requirement?",1-hop,0.8222333333333333,0.0,0.26666666666666666,0.6793666666666667,vanilla,0.8222333333333333
"In approach mode, if a pilot override disconnects the autopilot, what guidance-source context and mode-transition details must the flight data recorder capture?",2-hop,1.0,0.4349,0.4841333333333333,0.8571,vanilla,1.0
"In approach mode, what guidance source must the flight control computer accept, and what deviation data must the FMS provide to support it?",1-hop,0.3174333333333333,0.5,0.4444333333333333,0.3015666666666667,agentic,0.5
"In battery-only flight, what SoC data path and update rate support critical-battery RTB, and how does the power subsystem’s SoC monitoring relate to mode-entry constraints?",2-hop,0.3055333333333333,0.0,0.0,0.65,graphrag,0.65
"In ground mode, what requirement defines the authorized control-surface command path, and which ground system requirement implements that interface?",1-hop,1.0,0.9333333333333332,1.0,1.0,vanilla,1.0
"In linked mode, what ground-station command latency supports the command-data link’s 20 Hz command reception and downstream routing?",1-hop,0.8000000000000002,0.43333333333333335,0.26666666666666666,0.6111333333333333,vanilla,0.8000000000000002
"In the 60-minute HIL recorder coverage check, how is compliance shown for the autopilot mode parameter sourced from the autopilot annunciation output at 2 Hz?",2-hop,0.4000000000000001,0.5778,0.48889999999999995,0.6667,graphrag,0.6667
"On Stratos-7, how does the thrust-to-surface coordination logic at high N1 support compliance with the N1 reserve limit during takeoff and emergency power?",2-hop,0.8000000000000002,0.0,0.0,0.8000000000000002,vanilla,0.8000000000000002
"Through the flight control and command/data link chain into autonomy, what security requirement ultimately constrains the referenced function, and how is that trace propagated end-to-end?",3+-hop,0.0,0.11109999999999999,0.2740666666666667,0.0,agentic-graph,0.2740666666666667
"Under what aircraft conditions may the FCC maintenance Ethernet port be used, and what multifactor operator authentication must be completed before any maintenance commands are accepted?",2-hop,0.9047333333333333,0.6667,0.6667,0.9523666666666667,graphrag,0.9523666666666667
Under what fine-align and GPS-fix conditions will the INS enter NAV so GNSS velocity can support the autopilot’s ±0.5° track-hold requirement?,2-hop,0.6667,0.2333333333333333,0.24523333333333333,0.8214,graphrag,0.8214
Under what on-ground conditions is the recorder’s post-flight Ethernet retrieval interface available to maintenance personnel?,2-hop,1.0,0.8571,0.9047333333333333,0.8571,vanilla,1.0
"What APU health and battery data must the recorder capture, and at what rates during normal operation versus around an APM fault transition?",2-hop,0.9523666666666667,0.8571,0.9047333333333333,0.8214,vanilla,0.9523666666666667
"What EPS status publication rate is required for the flight data recorder, and which endpoint requirement defines that interface?",1-hop,0.8000000000000002,0.8000000000000002,0.8222333333333335,0.8000000000000002,agentic-graph,0.8222333333333335
What GNSS timing output and validity conditions support the data link terminal’s 1 µs network time alignment requirement?,1-hop,0.4761666666666667,0.4349,0.39680000000000004,0.4444000000000001,vanilla,0.4761666666666667
What HMI controls and indications must support authorising entry into EOIR designate mode for laser operation?,1-hop,0.7111333333333333,0.8000000000000002,0.7555666666666667,0.6031666666666666,agentic,0.8000000000000002
What INS 1-sigma attitude accuracy values define the navigation fusion residual threshold for dual-INS arbitration in GPS-aided cruise and turning?,1-hop,1.0,0.8666666666666667,0.9333333333333332,1.0,vanilla,1.0
What authentication and access conditions must be met to use the INS maintenance port for firmware updates during ground fault-injection testing commanded by BIT?,2-hop,0.7857,0.3703666666666667,0.19046666666666667,0.7222333333333334,vanilla,0.7857
What autopilot DAA advisory behavior must be available for presentation as traffic on the navigation display?,1-hop,0.6031666666666666,0.7555666666666667,0.2222333333333333,0.5714,agentic,0.7555666666666667
"What cryptographic authentication must the APM use when accepting autopilot mode engagement requests, and which autonomous modes are exempt from explicit operator engagement?",2-hop,0.6349333333333332,0.4761666666666667,0.45236666666666664,0.5859,vanilla,0.6349333333333332
"What end-to-end requirement flow links the security constraint to the final auto-function behavior, and how do the flight-control and data-link provisions propagate that constraint across subsystems?",3+-hop,0.0,0.10256666666666665,0.10256666666666665,0.0,agentic,0.10256666666666665
"What flight control computer behavior, as referenced by cockpit display logic and lighting requirements, ultimately satisfies the applicable security requirement?",3+-hop,0.0,0.0,0.0,0.0,vanilla,0.0
"What flight data recorder requirement ultimately depends on inertial sensor provisions through navigation and GPS traceability, and how does that dependency chain affect recorded positioning data?",3+-hop,0.0,0.0,0.0,0.0,vanilla,0.0
What flight-test evidence demonstrates that hybrid-navigation accuracy supports the FMS’s enroute RNP lateral-guidance containment target when GPS/SBAS is available?,2-hop,0.5714,1.0,0.9333333333333332,0.6944666666666667,agentic,1.0
What hardware-protected mechanism and software-extraction constraint apply to the AES-256 key-wrapping storage method specified in the crypto selection table?,1-hop,1.0,0.0,0.0,1.0,vanilla,1.0
What higher-level SAR mode requirement traces to the platform mandate for operator authorisation before leaving STANDBY for a transmitting state?,1-hop,0.8889,1.0,0.8222333333333333,0.7111333333333333,agentic,1.0
What landing-gear weight-on-wheels discretes support the taxi-light ground-only inhibit and maintenance override behavior?,1-hop,0.6667,0.6793666666666667,0.6667,0.6667,agentic,0.6793666666666667
What maintenance Ethernet port constraints and authentication conditions govern the FMS flight-plan upload/download interface?,1-hop,0.5,0.5926,0.5926,0.4444000000000001,agentic,0.5926
"What message definition table governs the 1 Hz primary-bus APM status broadcast, and what fields must that status message contain?",1-hop,1.0,0.9333333333333332,0.6666666666666666,1.0,vanilla,1.0
What navigation time-synchronization service must the flight data recorder use to timestamp mandatory parameters in UTC at native sampling rates?,1-hop,0.9333333333333332,0.5,0.5,0.7555666666666667,vanilla,0.9333333333333332
What published payload status data must the flight data recorder timestamp and log for sensor and external-store events?,1-hop,1.0,0.8000000000000002,0.8666666666666667,0.7778,vanilla,1.0
What structural limit-load envelope exceedance drives the EMS to reduce manoeuvre rate and assert the structural exceedance flag?,1-hop,0.8000000000000002,0.8666666666666667,0.8000000000000002,0.6349333333333332,agentic,0.8666666666666667
What test demonstrates the receiver meets integrity alert timing for unresolved protection-level exceedances under simulated satellite-fault conditions?,1-hop,0.7555666666666667,0.8000000000000002,0.8000000000000002,0.7778,agentic,0.8000000000000002
What test evidence shows linked-mode pilot commands meet the ground-station latency requirement while being received and routed by the command data link?,2-hop,0.5714,0.2222333333333333,0.08333333333333333,0.75,graphrag,0.75
"What top-level built-in test objective ultimately traces through the software requirement and logic design into the command/data link implementation, and what downstream design obligation does it impose?",3+-hop,0.0,0.0,0.0,0.0,vanilla,0.0
What upstream GNSS timing output and interfaces justify the navigation fusion function’s 1 Hz bus time-synchronisation service and GPS-derived accuracy source?,1-hop,0.43333333333333335,0.48146666666666665,0.5793666666666667,0.7555666666666667,graphrag,0.7555666666666667
What upstream navigation timing service requirement justifies the payload computer’s UTC sensor timestamping accuracy and source-selection behavior?,1-hop,0.6031666666666666,0.5,0.43333333333333335,0.7555666666666667,graphrag,0.7555666666666667
What upstream navigation-state interface and update rate support the ground station’s real-time aircraft state display requirement?,1-hop,0.8666666666666667,0.3015666666666667,0.5277666666666666,0.9333333333333332,graphrag,0.9333333333333332
What verification demonstrates authenticated-command or tamper-triggered cryptographic zeroise completes within 200 ms on all key-bearing LRUs?,1-hop,0.5476,0.5238,0.5793666666666667,0.5,agentic-graph,0.5793666666666667
"What verification demonstrates emergency-mode entry on each triggering fault, including transition timing and operator annunciation performance?",1-hop,0.7778,0.8889,0.7778,0.8000000000000002,agentic,0.8889
What verification demonstrates the autoland centreline touchdown accuracy required for AUTOLAND-certified Stratos-7 operations?,1-hop,0.8000000000000002,0.8000000000000002,0.8000000000000002,0.7555666666666667,vanilla,0.8000000000000002
What verification evidence demonstrates the navigation solution’s 5 ms end-to-end publish-latency requirement at 200 Hz is met?,1-hop,0.6667,0.0,0.0,0.5714,vanilla,0.6667
"When GPS is valid, can the navigation fusion timing service meet the flight control computer’s UTC alignment requirement through the GNSS time outputs?",2-hop,0.6349333333333332,0.9047333333333333,0.8690333333333333,0.75,agentic,0.9047333333333333
"When a flight-plan change is uplinked from the ground, how is it routed through the data link to the FMS, and what operator confirmation must the HMI enforce before activation?",2-hop,0.6667,0.0,0.43333333333333335,0.7857,graphrag,0.7857
"When a validated DAA advisory arrives, how quickly must the GCS alert the crew, and what manoeuvre rates can the autopilot command in resolution mode?",2-hop,1.0,0.0,0.0,1.0,vanilla,1.0
"When an uplinked flight-plan change is received, what operator-confirmation workflow and full-diff display are required before activation, and what record must be stored afterward?",2-hop,0.6667,0.5333333333333333,0.48889999999999995,0.7111333333333333,graphrag,0.7111333333333333
"When coalition sensor handover control arrives over the tactical datalink, what operator-authenticated engagement constraints apply before the autopilot can enter a commanded mode?",2-hop,0.5290666666666667,0.0,0.0,0.44813333333333333,vanilla,0.5290666666666667
"When emergency inner-loop conditions assert, how must the autopilot mode logic support the EMS emergency transition and FCC coordination?",1-hop,0.7238000000000001,0.0,0.0,0.5052666666666666,vanilla,0.7238000000000001
"When flying an LPV or LNAV/VNAV approach, what SBAS processing and resulting GPS-aided NAV accuracy must be maintained, and what minima remain if SBAS is lost?",2-hop,0.6349333333333332,0.0,0.19046666666666667,0.8571,graphrag,0.8571
"When generator loss is induced on the iron-bird, which loads must drop during the transition to single-generator operation while flight-critical buses stay powered within limits?",2-hop,0.9333333333333332,0.0,0.0,0.85,vanilla,0.9333333333333332
"When the PMC is qualified to the specified DO-160G environment and EMC limits, what GNSS frequencies and constellations must remain operable without interference via DLNK coexistence?",2-hop,0.9523666666666667,0.6667,0.85,1.0,graphrag,1.0
"When the power module detects an APU exceedance and commands shutdown, what flight data recording rates and fault-window capture are required?",1-hop,0.9333333333333332,0.22219999999999998,0.22856666666666667,0.7111333333333333,vanilla,0.9333333333333332
"When weight-on-wheels permits ground maintenance, what authentication must be enforced on the battery management unit’s service interface for firmware updates and calibration?",2-hop,0.6111333333333333,0.0,0.26666666666666666,0.75,graphrag,0.75
Which ADS test requirement verifies support for the flight management system’s ±10 s RTA accuracy requirement under higher cruise wind profiles?,1-hop,0.8000000000000002,1.0,1.0,0.9333333333333332,agentic,1.0
"Which APM requirement is ultimately traced from the EPS power-distribution requirement through the intermediate EPS dependencies, and what system function does that end requirement govern?",3+-hop,0.3796,0.12726666666666667,0.5333333333333333,0.16666666666666666,agentic-graph,0.5333333333333333
Which GNSS dilution-of-precision outputs feed the navigation fusion QoS score computation for operator display?,1-hop,0.6111333333333333,0.6667,0.8889,1.0,graphrag,1.0
"Which GPS requirement fulfills the security control that references the EMS constraint and ultimately satisfies the INS requirement, and what end-to-end traceability justifies that linkage?",3+-hop,0.8963000000000001,0.3,0.4175,0.7778,vanilla,0.8963000000000001
Which GPS requirement is ultimately fulfilled via the security control referenced by the navigation requirement traced from the original GPS requirement?,3+-hop,0.0,0.9523666666666667,0.9523666666666667,0.8571,agentic,0.9523666666666667
"Which GPS requirement traces through the security and emergency-management requirements to ultimately satisfy the navigation requirement, and what end-to-end rationale links them?",3+-hop,0.0,0.6889,0.7833333333333333,0.0,agentic-graph,0.7833333333333333
Which HIL lost-link test demonstrates verification that the autopilot enters RTB within one second and tracks to the rally point?,1-hop,0.8666666666666667,0.7904666666666668,0.7555666666666667,0.6349333333333332,vanilla,0.8666666666666667
Which HMI requirement defines the suspend/resume controls and state indication needed to support the FMS suspended-mode resume behavior?,1-hop,1.0,1.0,1.0,1.0,vanilla,1.0
"Which HMI requirement implements the FMS uplinked flight-plan change confirmation, including full-diff display before activation?",1-hop,1.0,1.0,1.0,1.0,vanilla,1.0
Which HMI requirement implements the flight control single-engine-out detection and automatic rudder-trim alerting behavior for operator notification?,1-hop,1.0,1.0,1.0,0.8666666666666667,vanilla,1.0
Which HMI requirement references the flight-control requirement for joystick deadband and roll/pitch rate limiting on direct manual control?,1-hop,1.0,1.0,1.0,1.0,vanilla,1.0
Which INIT-mode navigation database loading requirement fulfills the security requirement for signed load authentication and rejection of invalid or expired data?,1-hop,1.0,0.0,0.16666666666666666,0.8666666666666667,vanilla,1.0
Which INS state publication requirement satisfies the FCC need for 200 Hz inertial data delivery with no more than 5 ms end-to-end latency?,1-hop,1.0,0.8000000000000002,0.8666666666666667,1.0,vanilla,1.0
"Which INS-published state elements support the flight data recorder’s mandatory attitude, position, and velocity parameter capture?",1-hop,0.43333333333333335,0.0,0.4000000000000001,0.9333333333333332,graphrag,0.9333333333333332
Which SAR status message fields and update rate provide the health input the built-in test function aggregates into the overall payload health report?,1-hop,0.9333333333333332,0.6666666666666666,1.0,1.0,agentic-graph,1.0
Which actuator-command saturation limits and rates must the anti-windup logic use to prevent integrator growth when surface commands are clamped?,1-hop,0.6667,0.7555666666666667,0.7555666666666667,0.8000000000000002,graphrag,0.8000000000000002
Which airframe general requirement references the FCC cross-channel data link timing and integrity requirement to justify dissimilar-redundant routing separation?,1-hop,0.7999999999999999,0.6111,0.7222333333333334,0.6667,vanilla,0.7999999999999999
Which application module requirement provides the 1 Hz battery state-of-charge data that the power subsystem uses to inhibit NORMAL mode entry below 85%?,1-hop,1.0,0.0,1.0,1.0,vanilla,1.0
Which asymmetric signature algorithms in the crypto selection table are mandated for verifying loadable software and data signatures?,1-hop,1.0,1.0,1.0,1.0,vanilla,1.0
"Which automatic control requirement satisfies the security need, and what emergency management reference chain does it depend on to fully justify compliance?",3+-hop,0.0,0.12726666666666667,0.1818,0.0,agentic-graph,0.1818
"Which autonomous control requirement fulfills the security constraint and, through its referenced autonomy behavior, ultimately traces to the radar interface requirement?",3+-hop,0.9629666666666666,0.5833333333333334,0.6296333333333334,0.8000000000000002,vanilla,0.9629666666666666
Which autonomous tracking requirement ultimately depends on the EO/IR target characterization specification through the radar detection and handoff chain?,3+-hop,0.0,0.0,0.0,0.0,vanilla,0.0
"Which autonomy requirement is ultimately supported by the security control referenced by the communications verification requirement, and what communications item provides the verification evidence?",3+-hop,0.0,0.19046666666666667,0.6190333333333333,0.0,agentic-graph,0.6190333333333333
Which autonomy requirement is ultimately traced from the referenced security control through the data link requirement and subsequent security/autonomy satisfaction links?,3+-hop,0.0,0.0,0.4596333333333333,0.4444000000000001,agentic-graph,0.4596333333333333
Which avionics processing requirement traces through the security and built-in test specifications to the inspection criterion it ultimately satisfies?,3+-hop,0.0,0.0,0.0,0.0,vanilla,0.0
Which built-in test function traces through flight control computer requirements to the EMS requirement ultimately supported by the referenced downstream control logic?,3+-hop,0.0,0.11109999999999999,0.10256666666666665,0.0,agentic,0.11109999999999999
"Which built-in test requirement is ultimately driven by the power requirement through the linked security and flight-control requirements, and what end-to-end rationale connects them?",3+-hop,0.0,0.0,0.0,0.0,vanilla,0.0
Which built-in test requirement ultimately satisfies the security control referenced by the flight data recorder requirement through the flight control computer trace chain?,3+-hop,0.0,0.14813333333333334,0.5357,0.0,agentic-graph,0.5357
"Which built-in test verifies the power requirement tied to the cited security control, and what ground-control interface constraint is ultimately referenced through that chain?",3+-hop,0.75,0.5357,0.6212,0.6444666666666666,vanilla,0.75
Which cockpit display requirement cited by the ice-protection specification links through the flight-control computer safety requirement to the security requirement that references the display data-link requirement?,3+-hop,0.0,0.12223333333333335,0.041666666666666664,0.0,agentic,0.12223333333333335
"Which command-and-data handling requirement ultimately supports the ground control system need, through the intermediate command/data link allocations and lower-level decomposition?",3+-hop,0.0,0.0,0.0,0.0,vanilla,0.0
"Which command-and-data-link requirement ultimately fulfills the secure communications requirement, and through what EMS reference path is that satisfaction traced across subsystems?",3+-hop,0.0,0.6444666666666666,0.5481333333333334,0.8380666666666666,graphrag,0.8380666666666666
Which command-authentication fault-injection verification demonstrates compliance with the cited security assurance activities reference set?,1-hop,0.4666666666666666,0.4000000000000001,0.43333333333333335,0.48146666666666665,graphrag,0.48146666666666665
"Which command-frame definition governs the GCS operator command interface, and what fields must that message include?",1-hop,0.7111333333333333,0.5238,0.5238,0.5714,vanilla,0.7111333333333333
"Which command/data link capability ultimately satisfies the ground control system requirement through the referenced flight control computer functions, and how is that end-to-end trace established?",3+-hop,0.0,0.08889999999999999,0.0,0.12223333333333335,graphrag,0.12223333333333335
"Which command/data link verification requirement ultimately traces through the security controls to the flight control computer constraint, and how does that chain close back to the same security requirement?",3+-hop,0.0,0.44603333333333334,0.5981333333333333,0.0,agentic-graph,0.5981333333333333
"Which communications capability document is explicitly excluded from the tactical Link‑16 terminal scope, and what assurance levels govern it?",1-hop,0.4000000000000001,0.4000000000000001,0.4000000000000001,0.5,graphrag,0.5
Which communications links must demonstrate DO-160G Category Y EMC coexistence without mutual interference with the radar altimeter and GPS?,1-hop,0.5714,0.3015666666666667,0.3015666666666667,0.48146666666666665,vanilla,0.5714
Which communications requirement is ultimately fulfilled by the automatic control requirement through the referenced security and command/data link requirements?,3+-hop,0.0,0.6031666666666666,0.6404666666666666,0.6031666666666666,agentic-graph,0.6404666666666666
Which communications requirement is ultimately satisfied by the fuel-system requirement through the referenced security control and command/data link implementation chain?,3+-hop,0.0,0.4719333333333333,0.5819666666666666,0.4444000000000001,agentic-graph,0.5819666666666666
"Which communications requirement, linked through the security constraint referenced by the fuel requirement, ultimately traces to the EMS requirement, and what end-to-end dependency does that establish?",3+-hop,0.0,0.2222333333333333,0.30396666666666666,0.0,agentic-graph,0.30396666666666666
"Which control law requirement, ultimately linked from the fuel system requirement through the payload design trace, is referenced by the same control document and then traced onward to the flight control computer?",3+-hop,0.0,0.0,0.037033333333333335,0.0,agentic-graph,0.037033333333333335
Which data link requirement is ultimately implicated by the flight control requirement that references a security control via an intermediate control requirement?,3+-hop,0.0,0.3015666666666667,0.0,0.0,agentic,0.3015666666666667
"Which data-link requirement ultimately constrains the security and EMS references inherited by the automatic function, and how does that end-to-end trace propagate across those subsystems?",3+-hop,0.0,0.2844,0.0,0.6031666666666666,graphrag,0.6031666666666666
"Which display-level operator need ultimately traces through SAR processing and payload design to both EO/IR and radar sensing constraints, and what subsystem dependencies drive that allocation?",3+-hop,0.0,0.0,0.0,0.0,vanilla,0.0
Which endurance-capacity requirement is referenced by the laboratory discharge verification for the 30-minute RTB load profile?,1-hop,1.0,0.0,0.0,0.8666666666666667,vanilla,1.0
"Which engineering constraint is ultimately traced from the test case’s referenced flight dynamics requirement through its verification link and subsequent references, and how does that end-to-end chain justify compliance?",3+-hop,0.0,0.0,0.0,0.0,vanilla,0.0
"Which essential-bus LRUs, including the data link, must continue operating through a 50 ms Category Z interruption, and how is that verified?",2-hop,0.6349333333333332,0.5481333333333334,0.19046666666666667,0.7222333333333334,graphrag,0.7222333333333334
Which flight computer control requirement is ultimately justified by the flight data recorder requirement through the linked security and built-in-test trace chain?,3+-hop,0.0,0.0,0.16666666666666666,0.0,agentic-graph,0.16666666666666666
"Which flight computer security requirement flows through the data link to satisfy the communication subsystem requirement, and what intermediate security rationale connects them?",3+-hop,0.24523333333333333,0.4264333333333334,0.29206666666666664,0.17489999999999997,agentic,0.4264333333333334
Which flight control computer BIT status interface requirement satisfies the BIT aggregation requirement for 1 Hz health reporting to the GCS and FDR?,1-hop,0.8000000000000002,0.7000000000000001,0.7000000000000001,0.8000000000000002,vanilla,0.8000000000000002
Which flight control computer function is ultimately justified by the GPS requirement through the linked security and built-in test requirements across the chain?,3+-hop,0.0,0.060599999999999994,0.0,0.0,agentic,0.060599999999999994
Which flight control computer function ultimately fulfills the security-driven navigation requirement chain through GPS and inertial sensing dependencies?,3+-hop,0.0,0.0,0.0,0.0,vanilla,0.0
Which flight control computer requirement is ultimately implicated by the flight data recorder verification path through navigation and GPS references?,3+-hop,0.0,0.0,0.0,0.0,vanilla,0.0
"Which flight control computer requirement is ultimately referenced by the power verification path through the communications data link, and what upstream power requirement does it trace back to?",3+-hop,0.0,0.25,0.3849,0.5238,graphrag,0.5238
"Which flight control computer requirement is ultimately satisfied by the flight data recorder requirement through the navigation, GPS, and inertial navigation traceability chain?",3+-hop,0.0,0.04763333333333333,0.0,0.0,agentic,0.04763333333333333
Which flight control computer requirement ultimately traces the EMS command/data link interface constraint back to the originating EMS behavior requirement?,3+-hop,0.0,0.12119999999999999,0.0,0.14073333333333335,graphrag,0.14073333333333335
"Which flight control computer requirement, referenced by the command/data link specification and tracing onward to the automation subsystem, governs this end-to-end interface behavior?",3+-hop,0.0,0.0,0.16666666666666666,0.2738,graphrag,0.2738
"Which flight control requirement is ultimately traced from the referenced air data requirement through the intermediate air data dependency, and how does that end-to-end linkage propagate across the ADS–FCC boundary?",3+-hop,0.0,0.0,0.0,0.0,vanilla,0.0
Which flight control requirement ultimately depends on the upstream control architecture baseline through an intermediate derived requirement and successive referenced guidance constraints?,3+-hop,0.0,0.6291333333333333,0.6838333333333333,0.34850000000000003,agentic-graph,0.6838333333333333
"Which flight control requirement ultimately drives the cockpit interface behavior referenced through the control-chain dependency, and how does that end-to-end traceability flow across avionics and HMI?",3+-hop,0.0,0.1465,0.16666666666666666,0.0,agentic-graph,0.16666666666666666
"Which flight control requirement ultimately traces through the GPS subsystem to an inertial navigation requirement, and what end-to-end behavior or dependency does that chain establish?",3+-hop,0.0,0.0,0.0,0.0,vanilla,0.0
"Which flight control software requirement ultimately traces through detailed design to the flight data recording requirement for timestamped fault-event capture, and what intermediate control and recorder requirements connect them?",3+-hop,0.0,0.3386,0.2333333333333333,0.37033333333333335,graphrag,0.37033333333333335
Which flight data recorder requirement captures APM battery/APU data around fault transitions to support the APU health exceedance shutdown logging requirement?,1-hop,1.0,1.0,0.9333333333333332,0.8666666666666667,vanilla,1.0
Which flight data recorder requirement is ultimately referenced by the emergency monitoring requirement cited by the autonomous function verification requirement?,3+-hop,0.0,0.0,0.0,0.0,vanilla,0.0
Which flight data recorder requirement is verified by the flight control computer’s obligation to log every mode transition for the last 50 flight hours?,1-hop,1.0,1.0,1.0,1.0,vanilla,1.0
Which flight data recorder requirement traces to the power subsystem’s 10 Hz real-time power-status telemetry publication to the recorder?,1-hop,1.0,0.3333,0.33966666666666673,0.9333333333333332,vanilla,1.0
Which flight dynamics verification requirement traces through navigation references to the downstream navigation requirement governing the related guidance behavior?,3+-hop,0.0,0.0,0.0,0.0,vanilla,0.0
Which flight management 4D trajectory and RTA capability underpins the flight control computer’s continuous conformance monitoring and deviation alerting for civil operations?,1-hop,0.8000000000000002,0.7111333333333333,0.8000000000000002,0.6793666666666667,vanilla,0.8000000000000002
"Which flight management function, via its cockpit display interaction, leads to the display verification requirement, and how is that end-to-end traceability established across FMS, HMI, and CDL?",3+-hop,0.0,0.12119999999999999,0.17676666666666666,0.254,graphrag,0.254
"Which flight management function, via the flight data recorder linkage, ultimately traces to the data link requirement, and how is that end-to-end dependency justified across subsystems?",3+-hop,0.0,0.0,0.0,0.0,vanilla,0.0
"Which flight management interface requirement traces through the security control to satisfy the top-level flight management requirement, and what end-to-end rationale links them?",3+-hop,0.0,0.05556666666666666,0.06666666666666667,0.0,agentic-graph,0.06666666666666667
"Which flight-control built-in test requirement traces through security constraints to the autopilot mode behavior, and what security requirement is referenced at both ends of that chain?",3+-hop,0.0,0.0,0.0,0.0,vanilla,0.0
"Which flight-control capability traces through the security and ground-control requirements to ultimately satisfy the aircraft power-management requirement, and what intermediate constraints must be met end-to-end?",3+-hop,0.0,0.0,0.07406666666666667,0.0,agentic-graph,0.07406666666666667
"Which flight-control communication requirement ultimately traces from the cockpit display link, through the controller and automation references, to the final automation behavior requirement?",3+-hop,0.0,0.0,0.06666666666666667,0.1574,graphrag,0.1574
"Which flight-control computer display behavior is validated by the HMI verification requirement through the linked display logic reference, and what upstream cockpit interface requirement does it trace back to?",3+-hop,0.0,0.0,0.0,0.0,vanilla,0.0
"Which flight-control computer requirement is ultimately traced back to the ground-control system through the security requirement and BIT reference chain, and how is that linkage justified?",3+-hop,0.0,0.26666666666666666,0.2963,0.0,agentic-graph,0.2963
Which flight-control cross-channel data link timing and integrity behavior must BIT monitor to satisfy CBIT consistency-check verification?,1-hop,0.6349333333333332,0.0,0.0,0.38886666666666664,vanilla,0.6349333333333332
"Which flight-control initialization constraint governs the termination-mode full nose-down, throttle-cut command before subsequent recovery commands are rejected?",1-hop,0.4000000000000001,0.0,0.0,0.3015666666666667,vanilla,0.4000000000000001
Which flight-control requirement provides the engine-out detection and automatic rudder-trim behavior referenced by the autopilot single-engine-out altitude-hold test?,1-hop,0.7555666666666667,0.5555666666666667,0.6031666666666666,0.6031666666666666,vanilla,0.7555666666666667
"Which flight-control requirement ultimately drives the GPS timing/power dependency through the referenced power allocation chain, and how does that dependency propagate across the involved subsystems?",3+-hop,0.0,0.12119999999999999,0.4444333333333333,0.0,agentic-graph,0.4444333333333333
"Which flight-control requirement, traced from the built-in test function through the environmental monitoring requirement it satisfies, ultimately references the final EMS requirement?",3+-hop,0.0,0.0,0.060599999999999994,0.20453333333333332,graphrag,0.20453333333333332
"Which flight-control requirement, via the pilot interface logic, ultimately traces to the navigation constraint on lateral guidance behavior?",3+-hop,0.0,0.0,0.0,0.0,vanilla,0.0
Which flight-control runaway-actuator fault response satisfies the emergency-management requirement for coordinated emergency mode entry?,1-hop,0.6667,0.6349333333333332,0.5476,0.6667,vanilla,0.6667
Which flight-control test requirement verifies the payload-jettison general requirement’s preconfigured transient attitude compensation and its 100 ms execution timing?,1-hop,0.6667,0.7778,0.6667,0.6667,agentic,0.7778
"Which flight-control verification requirement traces through power constraints to the GPS interface dependency, and what end-to-end rationale links those subsystems?",3+-hop,0.0,0.27199999999999996,0.345,0.0,agentic-graph,0.345
"Which flight-test verification demonstrates that EO/IR geolocation from line-of-sight, navigation, and ranging meets 10 m CEP out to 15 km?",1-hop,1.0,1.0,0.9333333333333332,0.7555666666666667,vanilla,1.0
Which fuel-totaling requirement feeds the flight management function that computes destination and alternate fuel predictions and minimum-fuel alerts?,1-hop,0.3174333333333333,0.22856666666666667,0.4000000000000001,0.8666666666666667,graphrag,0.8666666666666667
Which human-machine interface requirement ultimately traces back to the autonomous control behavior through the security and energy management requirements?,3+-hop,0.3015666666666667,0.24443333333333336,0.2550333333333333,0.4000000000000001,graphrag,0.4000000000000001
"Which inertial navigation requirement fulfills the security constraint that, through its referenced security rationale, ultimately traces to the GPS requirement it satisfies?",3+-hop,0.5714,0.46426666666666666,0.4166666666666667,0.14813333333333334,vanilla,0.5714
Which inertial-system QoS input does navigation fusion reference when deriving the operator-displayed 2 Hz 0–100 quality score?,1-hop,1.0,0.8889,0.8666666666666667,1.0,vanilla,1.0
"Which integration-rig HIL test verifies the backup GCS cold-standby switchover requirement, including two-minute recovery and retained control authority?",1-hop,1.0,1.0,1.0,1.0,vanilla,1.0
"Which interface power requirement defines the 50 ms ride-through capability, and which general requirement establishes the DO-160G Category Z interruption profile?",1-hop,0.23146666666666668,0.3889,0.2222333333333333,0.8666666666666667,graphrag,0.8666666666666667
Which landing-gear weight-on-wheels discretes must the inertial system rely on to enable ZUPT while stationary on the ground?,1-hop,0.43333333333333335,0.0,0.0,1.0,graphrag,1.0
Which load-shed table entry defines the priority-2 load failure condition that forces the EMS into CAUTION within 500 ms?,1-hop,1.0,0.3333333333333333,0.3333333333333333,1.0,vanilla,1.0
Which navigation requirement is ultimately supported by the security control satisfied by the GPS timing-reference requirement cited by the higher-level GPS requirement?,3+-hop,0.6222333333333333,0.5222333333333333,0.582,0.41746666666666665,vanilla,0.6222333333333333
"Which operational modes are defined for the INS, and what preconditions and timing govern transitions between them?",1-hop,0.8000000000000002,0.0,0.0,0.5714,vanilla,0.8000000000000002
"Which operator command categories must the fuel subsystem accept via the command/data link interface, and how are those commands routed?",1-hop,0.5714,0.3889,0.3333333333333333,0.6031666666666666,graphrag,0.6031666666666666
Which payload command ID ranges must the PMC dispatch to each sensor or external store under the payload command routing table?,1-hop,1.0,0.9333333333333332,1.0,0.7111333333333333,vanilla,1.0
Which payload design requirement ultimately traces through command/data handling and flight-control security constraints to the final flight-control compliance obligation?,3+-hop,0.0,0.3518333333333333,0.3840333333333333,0.15126666666666666,agentic-graph,0.3840333333333333
Which payload requirement is ultimately satisfied by the security control referenced through the flight-control communication link that fulfills the communication requirement?,3+-hop,0.0,0.11109999999999999,0.11109999999999999,0.0,agentic,0.11109999999999999
Which payload-bus implementation and platform-specific bandwidths support the EOIR’s STANAG 4586 control/status and RTP/RTSP video interface to the mission computer?,1-hop,0.4841333333333333,0.6031666666666666,0.5079333333333333,0.7000000000000001,graphrag,0.7000000000000001
Which power hold-up requirement ensures the EMS maintains state through a 50 ms essential-bus interruption?,1-hop,0.7555666666666667,0.0,0.0,1.0,graphrag,1.0
Which power requirement provides the FCC’s hold-up energy basis for maintaining uninterrupted inner-loop operation through a 50 ms primary power interruption?,1-hop,0.8000000000000002,0.3333333333333333,0.8666666666666667,0.8000000000000002,agentic-graph,0.8666666666666667
Which power requirement provides the continuously available hold-up energy the CDL relies on to ride through a 50 ms Category Z interruption?,1-hop,1.0,0.0,0.0,0.9333333333333332,vanilla,1.0
"Which power requirement traces through the built-in test and security controls to satisfy the instrumentation requirement, and what security constraint is referenced at both ends of that path?",3+-hop,0.0,0.3690333333333333,0.2222333333333333,0.0,agentic,0.3690333333333333
Which power-system verification artifact traces through the automation and emergency-management requirements to the automation requirement ultimately satisfied by the emergency-management function?,3+-hop,0.0,0.5036999999999999,0.45236666666666664,0.0,agentic,0.5036999999999999
"Which power-system verification evidence traces through the referenced power-management analysis to the flight design rationale, and what upstream electrical requirement does it ultimately substantiate?",3+-hop,0.0,0.29896666666666666,0.319,0.0,agentic-graph,0.319
Which published fuel-status data does the flight control computer rely on to constrain commanded thrust to available fuel?,1-hop,0.7666666666666666,0.0,0.0,0.8000000000000002,graphrag,0.8000000000000002
Which published inertial navigation state data and timing are required to support SAR motion compensation and absolute geolocation accuracy?,1-hop,0.4666666666666666,0.0,0.0,0.6667,graphrag,0.6667
"Which radar altimeter mode requirement supports terrain-avoidance advisory coupling, and which autopilot requirement governs autonomous DAA resolution engagement?",1-hop,0.9333333333333332,0.26666666666666666,0.0,0.7555666666666667,vanilla,0.9333333333333332
"Which security requirement cited by the payload design is ultimately satisfied by the autonomy function, and where is that same security constraint referenced again downstream?",3+-hop,0.0,0.0,0.38786666666666664,0.0,agentic-graph,0.38786666666666664
Which security requirement is ultimately traceable from the initial CDL requirement through the referenced FMS and downstream CDL verification chain?,3+-hop,0.3636,0.3757333333333333,0.3636,0.5769333333333333,graphrag,0.5769333333333333
"Which security requirement referenced by the autonomy control requirement is satisfied by the same control requirement and, through that linkage, points to the downstream autonomy interface requirement?",3+-hop,0.8190333333333334,0.8000000000000002,0.6111333333333333,0.6667,vanilla,0.8190333333333334
"Which security requirement referenced by the navigation function ultimately traces to the GPS requirement it satisfies, and how does that navigation requirement connect the two?",3+-hop,0.9047333333333333,0.8412666666666667,1.0,0.9523666666666667,agentic-graph,1.0
Which security requirement traces through autonomy functions to the radar interface constraint ultimately governing the referenced radar behavior?,3+-hop,0.8889,0.3333333333333333,0.6720666666666667,0.8296333333333333,vanilla,0.8889
Which sensor safety interlocks must the SAR mode logic enforce before allowing transition from standby into any transmitting mode?,1-hop,0.8000000000000002,0.6,0.8000000000000002,0.6667,vanilla,0.8000000000000002
Which structural requirement defines the dedicated payload-bus routing and shielding needed to support the payload controller’s single-LRU installation near the bay rack?,1-hop,0.6667,0.6667,0.6667,0.6667,vanilla,0.6667
"Which structural requirement drives the payload allocation that ultimately traces to the downlink interface constraint, and how is that linkage justified across the structure, payload, and communications modules?",3+-hop,0.6722333333333333,0.2222333333333333,0.5714,0.8571,graphrag,0.8571
Which system-level security requirement is realized by the flight control computer’s command validation and rejection of invalid GCS commands?,1-hop,0.8000000000000002,0.8000000000000002,0.6349333333333332,0.6667,vanilla,0.8000000000000002
Which tactical datalink verification requirement demonstrates coordinated flight-plan separation compliance for coalition multi-aircraft FMS operation?,1-hop,1.0,1.0,1.0,1.0,vanilla,1.0
Which test evidence verifies the flight control computer’s 200 Hz inner-loop timing and jitter compliance under nominal and full-payload conditions?,1-hop,1.0,1.0,1.0,0.8889,vanilla,1.0
"Which test requirement verifies, by RF-simulator satellite-fault injection, the FDE requirement to detect and exclude an unhealthy satellite within six seconds?",1-hop,0.8000000000000002,0.8000000000000002,0.8666666666666667,0.8000000000000002,agentic-graph,0.8666666666666667
"Which transceiver fault condition forces EMS into CAUTION, and what communication subsystem response and operator notification are required?",1-hop,0.8000000000000002,0.8000000000000002,0.8000000000000002,0.8000000000000002,vanilla,0.8000000000000002
"Which verification requirement demonstrates, by negative UHF secure-mode testing, compliance with the no-valid-key transmit-inhibit voice-encryption requirement?",1-hop,1.0,1.0,1.0,1.0,vanilla,1.0
Will the GNSS receiver maintain operation and preserve sensor state and pointing through a 50 ms Category Z power interruption using essential-bus hold-up energy?,2-hop,0.5476,0.0,0.0,1.0,graphrag,1.0
Will the flight control computer maintain uninterrupted inner-loop operation and preserve sensor state and pointing during a 50 ms Category Z power interruption using essential-bus hold-up energy?,2-hop,1.0,0.48146666666666665,0.3968,0.6667,vanilla,1.0
