query_id,query,hop_stratum,predicted_hop,p_1_hop,p_2_hop,p_3plus_hop,recommended_pipeline
0,"When the power module detects an APU exceedance and commands shutdown, what flight data recording rates and fault-window capture are required?",1-hop,2-hop,0.3109450880891742,0.6722313643644466,0.01682354754637907,graphrag
1,"In INIT mode, what signed-manifest and signature-validation checks must the FMS apply before accepting a navigation database revision?",1-hop,1-hop,0.6064205243965882,0.3883212288654279,0.005258246737983827,vanilla
2,Which fuel-totaling requirement feeds the flight management function that computes destination and alternate fuel predictions and minimum-fuel alerts?,1-hop,1-hop,0.6973634036292955,0.015304128023865509,0.28733246834683907,vanilla
3,How is the landing weight-on-wheels dual-sensor/voting architecture verified to ensure correct discrete output under a single-sensor fault?,1-hop,1-hop,0.6424105376685912,0.3550928272406191,0.002496635090789753,vanilla
4,What hardware-protected mechanism and software-extraction constraint apply to the AES-256 key-wrapping storage method specified in the crypto selection table?,1-hop,2-hop,0.44559883947565604,0.5477090978708379,0.006692062653505945,graphrag
5,Which published inertial navigation state data and timing are required to support SAR motion compensation and absolute geolocation accuracy?,1-hop,1-hop,0.8401953868902269,0.046209814452998245,0.11359479865677495,vanilla
6,Which flight-control runaway-actuator fault response satisfies the emergency-management requirement for coordinated emergency mode entry?,1-hop,1-hop,0.7048630529912009,0.005384047364115949,0.28975289964468315,vanilla
7,"What verification demonstrates emergency-mode entry on each triggering fault, including transition timing and operator annunciation performance?",1-hop,1-hop,0.6992737045391637,0.2998763425629403,0.000849952897895901,vanilla
8,What structural limit-load envelope exceedance drives the EMS to reduce manoeuvre rate and assert the structural exceedance flag?,1-hop,1-hop,0.591303871485198,0.4043388586431811,0.004357269871620832,vanilla
9,How is the flight data recorder’s operator-action logging requirement satisfied by the ground control station’s audit trail and retention provisions?,1-hop,2-hop,0.43418202156729446,0.5462681659845494,0.019549812448156154,graphrag
10,Which HMI requirement implements the flight control single-engine-out detection and automatic rudder-trim alerting behavior for operator notification?,1-hop,1-hop,0.8888715210155239,0.029493295896985447,0.08163518308749061,vanilla
11,"For the Nimbus-C3 external cargo pod interface, what FCC lane architecture is the PMC’s MIL-STD-1760 umbilical implementation referencing?",1-hop,1-hop,0.5719818501443652,0.42200818072191426,0.006009969133720601,vanilla
12,"How is command traffic from the ground station routed to the flight control computer, and what validation must occur before use?",1-hop,2-hop,0.14847971838804033,0.7592041237037321,0.09231615790822738,graphrag
13,Which payload-bus implementation and platform-specific bandwidths support the EOIR’s STANAG 4586 control/status and RTP/RTSP video interface to the mission computer?,1-hop,1-hop,0.7870587653982448,0.0635085522694196,0.14943268233233556,vanilla
14,"Which operational modes are defined for the INS, and what preconditions and timing govern transitions between them?",1-hop,1-hop,0.9104944279145557,0.0499514652949127,0.03955410679053159,vanilla
15,"How does navigation fusion respond to inertial/GPS spoof indications, and which INS spoof-detection criteria drive rejection of suspect GPS updates?",1-hop,1-hop,0.7027629507331937,0.06092137600083417,0.23631567326597203,vanilla
16,Which actuator-command saturation limits and rates must the anti-windup logic use to prevent integrator growth when surface commands are clamped?,1-hop,1-hop,0.754038786608076,0.06971590960236883,0.1762453037895552,vanilla
17,"For autonomous mode engagement exceptions, what authentication mechanism must operator engagement requests use on the control data links?",1-hop,1-hop,0.5336271575988735,0.4506246839936178,0.01574815840750864,vanilla
18,Which system-level security requirement is realized by the flight control computer’s command validation and rejection of invalid GCS commands?,1-hop,1-hop,0.5138624807819642,0.0169445703672132,0.4691929488508226,vanilla
19,Which HMI requirement references the flight-control requirement for joystick deadband and roll/pitch rate limiting on direct manual control?,1-hop,3+-hop,0.3858811217129517,0.010692936846165681,0.6034259414408826,agentic-graph
20,Which endurance-capacity requirement is referenced by the laboratory discharge verification for the 30-minute RTB load profile?,1-hop,1-hop,0.881903383258,0.01983456023562388,0.09826205650637605,vanilla
21,What upstream navigation-state interface and update rate support the ground station’s real-time aircraft state display requirement?,1-hop,1-hop,0.7558721238700796,0.24096890437092844,0.003158971758991847,vanilla
22,"Which command-frame definition governs the GCS operator command interface, and what fields must that message include?",1-hop,1-hop,0.9373743945664669,0.03618548270397086,0.02644012272956216,vanilla
23,How is the SAR status telemetry publication to the mission computer aligned with the payload telemetry aggregation and downlink path?,1-hop,2-hop,0.31524541900675135,0.6719280364450327,0.012826544548215808,graphrag
24,Which payload command ID ranges must the PMC dispatch to each sensor or external store under the payload command routing table?,1-hop,1-hop,0.6646854334098962,0.0814047311574127,0.25390983543269113,vanilla
25,Which SAR status message fields and update rate provide the health input the built-in test function aggregates into the overall payload health report?,1-hop,1-hop,0.5861556939824909,0.14854523604760642,0.26529906996990255,vanilla
26,Which sensor safety interlocks must the SAR mode logic enforce before allowing transition from standby into any transmitting mode?,1-hop,1-hop,0.8207170879547364,0.05923397566963188,0.1200489363756317,vanilla
27,"Which test requirement verifies, by RF-simulator satellite-fault injection, the FDE requirement to detect and exclude an unhealthy satellite within six seconds?",1-hop,1-hop,0.8073270304068242,0.035953218047857775,0.15671975154531811,vanilla
28,"Which operator command categories must the fuel subsystem accept via the command/data link interface, and how are those commands routed?",1-hop,1-hop,0.6473255519590522,0.05075370224807093,0.30192074579287703,vanilla
29,Which flight-control cross-channel data link timing and integrity behavior must BIT monitor to satisfy CBIT consistency-check verification?,1-hop,1-hop,0.794704323529584,0.018661377198163964,0.18663429927225192,vanilla
30,"Which integration-rig HIL test verifies the backup GCS cold-standby switchover requirement, including two-minute recovery and retained control authority?",1-hop,1-hop,0.9167933880600657,0.02927050117777878,0.05393611076215545,vanilla
31,"Which flight-control initialization constraint governs the termination-mode full nose-down, throttle-cut command before subsequent recovery commands are rejected?",1-hop,1-hop,0.8154556892479242,0.026070313767883768,0.15847399698419193,vanilla
32,"For the Skyrunner-T1 test configuration, how is the FCC’s duplex single-LRU architecture derived from the platform-dependent independent-lane requirement?",1-hop,1-hop,0.5364109531275466,0.44377640890508574,0.019812637967367583,vanilla
33,"In linked mode, what ground-station command latency supports the command-data link’s 20 Hz command reception and downstream routing?",1-hop,1-hop,0.5341867497776567,0.4605099956757948,0.0053032545465484665,vanilla
34,What maintenance Ethernet port constraints and authentication conditions govern the FMS flight-plan upload/download interface?,1-hop,1-hop,0.8310540435962284,0.16700855436014947,0.0019374020436221993,vanilla
35,"Which interface power requirement defines the 50 ms ride-through capability, and which general requirement establishes the DO-160G Category Z interruption profile?",1-hop,1-hop,0.6957168749839121,0.07597568596600268,0.22830743905008502,vanilla
36,Which published fuel-status data does the flight control computer rely on to constrain commanded thrust to available fuel?,1-hop,1-hop,0.7102502195264405,0.02035025026764795,0.2693995302059114,vanilla
37,What GNSS timing output and validity conditions support the data link terminal’s 1 µs network time alignment requirement?,1-hop,1-hop,0.6047829938525369,0.3898439300563445,0.005373076091118746,vanilla
38,"Which INS-published state elements support the flight data recorder’s mandatory attitude, position, and velocity parameter capture?",1-hop,1-hop,0.9026191873547305,0.01796281726829837,0.0794179953769712,vanilla
39,Which load-shed table entry defines the priority-2 load failure condition that forces the EMS into CAUTION within 500 ms?,1-hop,1-hop,0.8660426504503169,0.05866722080264356,0.07529012874703947,vanilla
40,"Which radar altimeter mode requirement supports terrain-avoidance advisory coupling, and which autopilot requirement governs autonomous DAA resolution engagement?",1-hop,1-hop,0.7130405819220549,0.02322366986435288,0.2637357482135923,vanilla
41,Which ADS test requirement verifies support for the flight management system’s ±10 s RTA accuracy requirement under higher cruise wind profiles?,1-hop,1-hop,0.6715734316988669,0.025700115743225966,0.30272645255790714,vanilla
42,"What EPS status publication rate is required for the flight data recorder, and which endpoint requirement defines that interface?",1-hop,1-hop,0.6414105624754552,0.01980763322591695,0.33878180429862775,vanilla
43,What navigation time-synchronization service must the flight data recorder use to timestamp mandatory parameters in UTC at native sampling rates?,1-hop,1-hop,0.49556089563578504,0.49017639508298555,0.014262709281229495,vanilla
44,Which flight control computer BIT status interface requirement satisfies the BIT aggregation requirement for 1 Hz health reporting to the GCS and FDR?,1-hop,3+-hop,0.234013553000357,0.028692520431952567,0.7372939265676903,agentic-graph
45,Which flight management 4D trajectory and RTA capability underpins the flight control computer’s continuous conformance monitoring and deviation alerting for civil operations?,1-hop,3+-hop,0.3857120905736952,0.03579494542820894,0.5784929639980958,agentic-graph
46,Which command-authentication fault-injection verification demonstrates compliance with the cited security assurance activities reference set?,1-hop,1-hop,0.9293163692950431,0.013876740234009734,0.05680689047094722,vanilla
47,"Which transceiver fault condition forces EMS into CAUTION, and what communication subsystem response and operator notification are required?",1-hop,1-hop,0.8918421690200771,0.048082459807192814,0.060075371172730097,vanilla
48,"When emergency inner-loop conditions assert, how must the autopilot mode logic support the EMS emergency transition and FCC coordination?",1-hop,2-hop,0.4182638181243676,0.5697531398704395,0.011983042005192837,graphrag
49,"How is an EKF divergence detected, reset, and cross-referenced to flight data recording of the divergence snapshot and reset state?",1-hop,2-hop,0.3795365412569042,0.604708619716066,0.015754839027029777,graphrag
50,Which HIL lost-link test demonstrates verification that the autopilot enters RTB within one second and tracks to the rally point?,1-hop,1-hop,0.7326081234219705,0.06044687293637252,0.206945003641657,vanilla
51,Which INS state publication requirement satisfies the FCC need for 200 Hz inertial data delivery with no more than 5 ms end-to-end latency?,1-hop,3+-hop,0.19650816817289207,0.03780229496368309,0.7656895368634248,agentic-graph
52,"Which HMI requirement implements the FMS uplinked flight-plan change confirmation, including full-diff display before activation?",1-hop,1-hop,0.9387426500822428,0.017433490554417817,0.043823859363339344,vanilla
53,What verification demonstrates authenticated-command or tamper-triggered cryptographic zeroise completes within 200 ms on all key-bearing LRUs?,1-hop,1-hop,0.6789869064006804,0.3195134362203114,0.0014996573790081577,vanilla
54,What HMI controls and indications must support authorising entry into EOIR designate mode for laser operation?,1-hop,1-hop,0.7287572446861129,0.27005069915426944,0.0011920561596177116,vanilla
55,Which HMI requirement defines the suspend/resume controls and state indication needed to support the FMS suspended-mode resume behavior?,1-hop,1-hop,0.8043107216447565,0.03417835778997987,0.16151092056526364,vanilla
56,Which power hold-up requirement ensures the EMS maintains state through a 50 ms essential-bus interruption?,1-hop,1-hop,0.9458842975977517,0.022110490792104837,0.03200521161014346,vanilla
57,Which power requirement provides the continuously available hold-up energy the CDL relies on to ride through a 50 ms Category Z interruption?,1-hop,1-hop,0.6719747559544551,0.09778994108767707,0.23023530295786795,vanilla
58,"In approach mode, what guidance source must the flight control computer accept, and what deviation data must the FMS provide to support it?",1-hop,2-hop,0.10923557079683381,0.8031294874069328,0.08763494179623338,graphrag
59,"During standby-to-coarse-align motion rejection, what operator alignment-status indication is required on the HMI?",1-hop,1-hop,0.8329026470686814,0.16646753456506033,0.0006298183662583127,vanilla
60,Which asymmetric signature algorithms in the crypto selection table are mandated for verifying loadable software and data signatures?,1-hop,1-hop,0.8158984413648396,0.03979727005709928,0.144304288578061,vanilla
61,What upstream navigation timing service requirement justifies the payload computer’s UTC sensor timestamping accuracy and source-selection behavior?,1-hop,1-hop,0.7286378425082347,0.2677018263737176,0.003660331118047741,vanilla
62,Which airframe general requirement references the FCC cross-channel data link timing and integrity requirement to justify dissimilar-redundant routing separation?,1-hop,3+-hop,0.28406614484355047,0.015236200658288826,0.7006976544981608,agentic-graph
63,Which flight data recorder requirement is verified by the flight control computer’s obligation to log every mode transition for the last 50 flight hours?,1-hop,3+-hop,0.2717592227429466,0.06278624693953566,0.6654545303175178,agentic-graph
64,Which structural requirement defines the dedicated payload-bus routing and shielding needed to support the payload controller’s single-LRU installation near the bay rack?,1-hop,3+-hop,0.30687767312658726,0.05781657902427406,0.6353057478491387,agentic-graph
65,"In NAV mode, does the inertial unit’s 200 Hz output to the flight control computer satisfy the computer’s inertial data input rate and latency requirement?",1-hop,2-hop,0.03675294205670191,0.8531784593957169,0.11006859854758107,graphrag
66,Which communications links must demonstrate DO-160G Category Y EMC coexistence without mutual interference with the radar altimeter and GPS?,1-hop,1-hop,0.7671672790152703,0.05785453568524094,0.17497818529948872,vanilla
67,What higher-level SAR mode requirement traces to the platform mandate for operator authorisation before leaving STANDBY for a transmitting state?,1-hop,2-hop,0.3698880275775547,0.6235639303875437,0.0065480420349016575,graphrag
68,Does the ice-protection power budget and 0.5 Hz zone reporting comply with the electrical subsystem’s continuous essential-bus generator load limit?,1-hop,2-hop,0.33182394997479286,0.6599943330692478,0.008181716955959347,graphrag
69,What test demonstrates the receiver meets integrity alert timing for unresolved protection-level exceedances under simulated satellite-fault conditions?,1-hop,1-hop,0.6488322412772902,0.34994005174520226,0.0012277069775075977,vanilla
70,Which flight-control requirement provides the engine-out detection and automatic rudder-trim behavior referenced by the autopilot single-engine-out altitude-hold test?,1-hop,1-hop,0.7020773118965966,0.01732384677135192,0.2805988413320513,vanilla
71,Which landing-gear weight-on-wheels discretes must the inertial system rely on to enable ZUPT while stationary on the ground?,1-hop,1-hop,0.8518603578859544,0.03831672463925295,0.10982291747479271,vanilla
72,"Which flight-test verification demonstrates that EO/IR geolocation from line-of-sight, navigation, and ranging meets 10 m CEP out to 15 km?",1-hop,1-hop,0.7312515673506206,0.04957505737819978,0.21917337527117967,vanilla
73,"Which communications capability document is explicitly excluded from the tactical Link‑16 terminal scope, and what assurance levels govern it?",1-hop,1-hop,0.801945536326422,0.05081167994963398,0.1472427837239441,vanilla
74,Which application module requirement provides the 1 Hz battery state-of-charge data that the power subsystem uses to inhibit NORMAL mode entry below 85%?,1-hop,3+-hop,0.39493889861505904,0.09699572107838916,0.5080653803065518,agentic-graph
75,Which GNSS dilution-of-precision outputs feed the navigation fusion QoS score computation for operator display?,1-hop,1-hop,0.9638662755823898,0.022871178018884417,0.013262546398725804,vanilla
76,"In ground mode, what requirement defines the authorized control-surface command path, and which ground system requirement implements that interface?",1-hop,1-hop,0.6225179782505924,0.030061239351180696,0.3474207823982269,vanilla
77,What INS 1-sigma attitude accuracy values define the navigation fusion residual threshold for dual-INS arbitration in GPS-aided cruise and turning?,1-hop,2-hop,0.4518629931653501,0.5363573919701764,0.011779614864473506,graphrag
78,What upstream GNSS timing output and interfaces justify the navigation fusion function’s 1 Hz bus time-synchronisation service and GPS-derived accuracy source?,1-hop,2-hop,0.27830551485443417,0.7157162400328493,0.005978245112716517,graphrag
79,Does the equipment management system ingest power-subsystem mode/status over the primary avionics bus at a minimum 5 Hz update rate?,1-hop,2-hop,0.33980852140066414,0.6550998348529762,0.005091643746359587,graphrag
80,Which power requirement provides the FCC’s hold-up energy basis for maintaining uninterrupted inner-loop operation through a 50 ms primary power interruption?,1-hop,1-hop,0.6849291996406368,0.09550621183534154,0.21956458852402153,vanilla
81,Which tactical datalink verification requirement demonstrates coordinated flight-plan separation compliance for coalition multi-aircraft FMS operation?,1-hop,1-hop,0.8946203971263835,0.015683382228313707,0.08969622064530279,vanilla
82,"What message definition table governs the 1 Hz primary-bus APM status broadcast, and what fields must that status message contain?",1-hop,2-hop,0.4041398721852613,0.5911332886788445,0.004726839135894146,graphrag
83,What verification evidence demonstrates the navigation solution’s 5 ms end-to-end publish-latency requirement at 200 Hz is met?,1-hop,1-hop,0.695926303201215,0.2981948746658961,0.005878822132888752,vanilla
84,"For high-altitude operation to 44,000 ft, what GPS-aided NAV position accuracy limit must the INS still meet?",1-hop,1-hop,0.6656504822702809,0.33175666044251156,0.002592857287207501,vanilla
85,Which flight data recorder requirement traces to the power subsystem’s 10 Hz real-time power-status telemetry publication to the recorder?,1-hop,1-hop,0.7755603290051644,0.031843577607209246,0.19259609338762637,vanilla
86,What autopilot DAA advisory behavior must be available for presentation as traffic on the navigation display?,1-hop,1-hop,0.7769973764892967,0.21589837334599102,0.007104250164712397,vanilla
87,How must the FCC’s 10 Hz background BIT scheduling preserve compliance with the inner-loop 200 Hz jitter requirement?,1-hop,1-hop,0.5683117012832406,0.4261912357415987,0.005497062975160572,vanilla
88,What published payload status data must the flight data recorder timestamp and log for sensor and external-store events?,1-hop,1-hop,0.7003662841017411,0.2929412176872981,0.0066924982109609205,vanilla
89,Which flight data recorder requirement captures APM battery/APU data around fault transitions to support the APU health exceedance shutdown logging requirement?,1-hop,1-hop,0.620680335110445,0.042970802227325335,0.3363488626622295,vanilla
90,How is the 10 Hz FCC background health monitoring constrained to avoid violating the outer-loop 50 Hz guidance jitter requirement?,1-hop,2-hop,0.3597535523739858,0.6275091188981006,0.012737328727913735,graphrag
91,Does the primary essential bus power specification satisfy the flight control computer’s 28 VDC interface and undervoltage requirements?,1-hop,1-hop,0.6275881112134302,0.35350577479898715,0.018906113987582754,vanilla
92,What verification demonstrates the autoland centreline touchdown accuracy required for AUTOLAND-certified Stratos-7 operations?,1-hop,1-hop,0.8347281659623649,0.16497472815707726,0.00029710588055777745,vanilla
93,Which INIT-mode navigation database loading requirement fulfills the security requirement for signed load authentication and rejection of invalid or expired data?,1-hop,1-hop,0.48415479051667437,0.06270624730973096,0.4531389621735946,vanilla
94,What landing-gear weight-on-wheels discretes support the taxi-light ground-only inhibit and maintenance override behavior?,1-hop,1-hop,0.8450866387498651,0.1544340117064888,0.00047934954364619507,vanilla
95,Which inertial-system QoS input does navigation fusion reference when deriving the operator-displayed 2 Hz 0–100 quality score?,1-hop,1-hop,0.9035507091506861,0.03145381107051292,0.06499547977880109,vanilla
96,How does the Skyrunner-T1 hybrid-mode test requirement refine the higher-level navigation-mode accuracy and output requirement?,1-hop,1-hop,0.8076633453319007,0.18788455206206103,0.004452102606038439,vanilla
97,"Which verification requirement demonstrates, by negative UHF secure-mode testing, compliance with the no-valid-key transmit-inhibit voice-encryption requirement?",1-hop,1-hop,0.8854191361575557,0.023849859149795292,0.09073100469264904,vanilla
98,Which test evidence verifies the flight control computer’s 200 Hz inner-loop timing and jitter compliance under nominal and full-payload conditions?,1-hop,1-hop,0.8629270235525514,0.023156809907607167,0.1139161665398416,vanilla
99,Which flight-control test requirement verifies the payload-jettison general requirement’s preconfigured transient attitude compensation and its 100 ms execution timing?,1-hop,1-hop,0.8973920335827746,0.020257686401588523,0.08235028001563681,vanilla
100,"Under what aircraft conditions may the FCC maintenance Ethernet port be used, and what multifactor operator authentication must be completed before any maintenance commands are accepted?",2-hop,2-hop,0.042029536679224634,0.9161715835481087,0.04179887977266671,graphrag
101,"During the 60-minute HIL verification, how should you confirm the flight recorder captures the emergency management system status information at the required cadence with valid timestamps?",2-hop,2-hop,0.02768231284622949,0.9216205562611387,0.05069713089263194,graphrag
102,"At what rate must the recorder log the communications data link health/status word, given mandatory-parameter native-rate recording and the health word’s own update requirement?",2-hop,2-hop,0.08352432564106212,0.8778575761761194,0.038618098182818535,graphrag
103,"Does the selected VHF transceiver transmit power remain compliant with EMC coexistence expectations for the CDL, GPS, and radar altimeter under DO-160G Category Y?",2-hop,2-hop,0.0654029398407235,0.9128019341647157,0.021795125994560943,graphrag
104,"If the primary INS attitude stream degrades below required rate or validity, how quickly must the FCC switch to the backup GPS-aided AHRS to maintain flight-control attitude input?",2-hop,2-hop,0.010638447340528346,0.8577985399977203,0.1315630126617513,graphrag
105,"If an operator commands an emergency return or diversion, what encryption, authentication, and key-validity conditions must the communications link and secure UHF voice satisfy before execution?",2-hop,2-hop,0.015896517721924564,0.89984164315902,0.08426183911905531,graphrag
106,"For ground-maintenance fault-injection on the power subsystem via the BIT maintenance interface, what operator authentication is required before BPCU commands are accepted?",2-hop,2-hop,0.16950341412425263,0.82255242435919,0.00794416151655744,graphrag
107,"During high-power takeoff, how does the FCC’s reserve N1 limiting affect pitch-rate reduction logic and the engine-status data published to downstream systems?",2-hop,2-hop,0.17437402096360424,0.7997356208422245,0.025890358194171192,graphrag
108,What test evidence shows linked-mode pilot commands meet the ground-station latency requirement while being received and routed by the command data link?,2-hop,2-hop,0.14487059280409473,0.7669798205200807,0.08814958667582447,graphrag
109,"If the ground station sends FCC-directed commands at 20 Hz, how are invalid ranges, rates, sequence numbers, and unknown targets handled before reaching control laws?",2-hop,2-hop,0.028938904894210152,0.9217652258244776,0.04929586928131213,graphrag
110,How does the HIL GPS-outage test verify the fusion function meets the >60 s reversion and annunciation behavior required by the underlying inertial degraded mode requirement?,2-hop,2-hop,0.01935196365349046,0.917830624137463,0.0628174122090466,graphrag
111,"When a validated DAA advisory arrives, how quickly must the GCS alert the crew, and what manoeuvre rates can the autopilot command in resolution mode?",2-hop,2-hop,0.04510740203839473,0.8963382956929413,0.05855430226866402,graphrag
112,"For secure UHF voice operation, what encryption/authentication scheme and key-rotation policy apply, and what happens if no valid key is loaded?",2-hop,2-hop,0.1947809518003587,0.7922163791047789,0.013002669094862402,graphrag
113,"If the GCS sends a COMM tuning/PTT command over the datalink, what command range, bus, and maximum dispatch rate govern its routing through the CDL?",2-hop,2-hop,0.04191186851572374,0.9115265908530512,0.04656154063122512,graphrag
114,How is radar-altimeter EMC coexistence verification performed while the onboard GNSS receiver tracks its required frequencies with CDL transmissions active?,2-hop,2-hop,0.30172708987395525,0.6852766807664029,0.01299622935964176,graphrag
115,"If the GNSS receiver suspects jamming but can still track some satellites, how should NAV fusion treat GPS measurements and what security-monitor coordination is required?",2-hop,2-hop,0.033578637992228925,0.879487312299453,0.0869340497083181,graphrag
116,"For Stratos-7 max-brake-energy landings, how must brake cooling and software assurance align with the landing gear and braking specification?",2-hop,2-hop,0.466051052914285,0.5157311996580348,0.01821774742768002,graphrag
117,"If a condition escalates to WARNING, how quickly must the ground station annunciate it, and what audio cue and repeat behavior are required?",2-hop,2-hop,0.08433603702170994,0.8850407868735889,0.030623176104701222,graphrag
118,How does the ground-vibration test’s identified modal model determine the notch-filter frequencies and widths applied to inertial measurements before inner-loop control?,2-hop,2-hop,0.30521250545298534,0.6817759571021491,0.013011537444865584,graphrag
119,"When flying an LPV or LNAV/VNAV approach, what SBAS processing and resulting GPS-aided NAV accuracy must be maintained, and what minima remain if SBAS is lost?",2-hop,2-hop,0.03197154914343555,0.9030770983744159,0.0649513524821486,graphrag
120,"How does the two-aircraft live-network separation test demonstrate the coordinated-flight function is supported by guidance accuracy sufficient to meet enroute, terminal, and approach TSE limits?",2-hop,2-hop,0.03598431807942914,0.8757319537347117,0.08828372818585915,graphrag
121,"If spoofing is suspected, how are GPS updates and aircraft control affected, and which monitoring and incident-response actions must follow?",2-hop,1-hop,0.650491940704487,0.04532718990996363,0.3041808693855493,vanilla
122,"How does in-field LRU firmware updating ensure only signed loads are accepted, and during INIT how is an expired navigation database revision rejected?",2-hop,2-hop,0.09674254247629321,0.8835029327155136,0.019754524808193206,graphrag
123,How is the EOIR geolocation accuracy flight test tied to the navigation solution’s WGS-84 position output and synchronized MGRS display representation?,2-hop,2-hop,0.33731973825904477,0.649610835890266,0.013069425850689223,graphrag
124,How are authenticated operator mode-change commands from the ground station routed through the data link to engage autopilot modes requiring explicit operator authorization?,2-hop,2-hop,0.06686974651153775,0.8833739683632126,0.04975628512524961,graphrag
125,"In battery-only flight, what SoC data path and update rate support critical-battery RTB, and how does the power subsystem’s SoC monitoring relate to mode-entry constraints?",2-hop,2-hop,0.03268471062022358,0.844156276923974,0.12315901245580234,graphrag
126,"During a 50 ms Category Z primary-power interruption, what essential-bus hold-up energy provision ensures both navigation output continuity and uninterrupted FCC inner-loop execution?",2-hop,2-hop,0.15611138009293757,0.8292841328646411,0.014604487042421252,graphrag
127,Do the payload-bay mounting rails and bus routing provide enough EMC shielding for coexistence with the selectable-power VHF transceiver under the CDL’s DO-160G Category Y requirement?,2-hop,2-hop,0.023105891030406767,0.8993895161964659,0.07750459277312736,graphrag
128,"How is autonomous or operator-requested autopilot mode engagement authenticated over the data link, and what terminal cryptographic capability must support that protection?",2-hop,2-hop,0.1197521850437923,0.8223245925366159,0.05792322241959181,graphrag
129,"When weight-on-wheels permits ground maintenance, what authentication must be enforced on the battery management unit’s service interface for firmware updates and calibration?",2-hop,2-hop,0.1809803837706002,0.8078761252634216,0.011143490965978378,graphrag
130,"If the command link is lost long enough to trigger return-to-base, can the aircraft autonomously use the current operator-updated rally point without prior operator engagement?",2-hop,2-hop,0.031772147053295695,0.873893682597037,0.09433417034966723,graphrag
131,What authentication and access conditions must be met to use the INS maintenance port for firmware updates during ground fault-injection testing commanded by BIT?,2-hop,2-hop,0.09589925962826897,0.881914426606529,0.02218631376520205,graphrag
132,How is the flight control computer’s 50 ms power-interruption continuity requirement shown compliant through the power hold-up provision and its Category Z verification testing?,2-hop,2-hop,0.09002940922966483,0.827842869968279,0.08212772080205623,graphrag
133,"Can the control station’s 2 Hz engine telemetry support validating waypoint fuel-flow prediction accuracy, given the engine status message content and rate published for downstream flight management use?",2-hop,2-hop,0.017978201765323425,0.9193434371462818,0.06267836108839486,graphrag
134,"During takeoff-to-climb transition, when may the FCC enable the inner-loop climb schedule given sustained climb rate, both main-gear WoW indications, sensor voting, and input debounce?",2-hop,2-hop,0.057574806581149794,0.9187413709096021,0.023683822509248168,graphrag
135,"How is operator-triggered MBIT maintenance on the FCC’s ground Ethernet port authenticated, and under what ground-only conditions is that port enabled?",2-hop,2-hop,0.2312947563578268,0.7572228600662426,0.011482383575930654,graphrag
136,"When GPS is valid, can the navigation fusion timing service meet the flight control computer’s UTC alignment requirement through the GNSS time outputs?",2-hop,2-hop,0.08820805837501354,0.8284338569846446,0.08335808464034196,graphrag
137,"What cryptographic authentication must the APM use when accepting autopilot mode engagement requests, and which autonomous modes are exempt from explicit operator engagement?",2-hop,3+-hop,0.3294904411112694,0.11465771099579063,0.55585184789294,agentic-graph
138,How does payload-bay thermal management need to accommodate the SAR’s platform-specific steady-state and transmit-pulse power loads while keeping sensor electronics within operating range?,2-hop,2-hop,0.0932408927162887,0.8807661250209012,0.02599298226281019,graphrag
139,"If the operator commands autonomous-flight mode engagement from the ground station, how must the command be routed, and which modes still require explicit authenticated engagement?",2-hop,3+-hop,0.0909027150839754,0.13777007894302082,0.7713272059730039,agentic-graph
140,"When a flight-plan change is uplinked from the ground, how is it routed through the data link to the FMS, and what operator confirmation must the HMI enforce before activation?",2-hop,2-hop,0.005879924046678482,0.8592775255826582,0.13484255037066326,graphrag
141,Can the GCS uplink a flight plan change over the command data link while requiring operator confirmation before the FMS activates it?,2-hop,2-hop,0.10081219322043715,0.8609448883640075,0.038242918415555306,graphrag
142,"During EMC Category Y coexistence testing with CDL and GPS active, which CDL operational modes should the radar altimeter remain interference-free in while maintaining RA track and PVT output?",2-hop,3+-hop,0.03919547917461321,0.26852077000645136,0.6922837508189353,agentic-graph
143,"For an uplinked flight-plan modification, what operator-logged evidence is required before activation, and how does the referenced data-link verification demonstrate secure command handling?",2-hop,2-hop,0.08798622766672722,0.8215099759046739,0.09050379642859874,graphrag
144,"For ground maintenance fault injection through the power subsystem via the built-in test interface, what operator authentication is required and where must it be enforced?",2-hop,2-hop,0.05400238316569744,0.9207794288805994,0.02521818795370324,graphrag
145,"For the live multi-aircraft separation test, which platform relies on navigation integration instead of an FMS, and what DAL applies to its navigation software?",2-hop,3+-hop,0.3234588203382878,0.09847873571808385,0.5780624439436283,agentic-graph
146,Can the flight data recorder capture fuel-state updates at a rate sufficient to support the flight management system’s top-of-climb and top-of-descent recalculation needs?,2-hop,2-hop,0.12489608782297112,0.8201357157216242,0.05496819645540461,graphrag
147,"When coalition sensor handover control arrives over the tactical datalink, what operator-authenticated engagement constraints apply before the autopilot can enter a commanded mode?",2-hop,2-hop,0.07782326485208955,0.8746517168085095,0.04752501833940098,graphrag
148,"During fault-injection testing, if the APU self-shuts down on a monitored health exceedance during start, what EPS mode transition and RTB behavior must be demonstrated?",2-hop,2-hop,0.04355664455441243,0.930121973859875,0.02632138158571259,graphrag
149,Will the flight control computer maintain uninterrupted inner-loop operation and preserve sensor state and pointing during a 50 ms Category Z power interruption using essential-bus hold-up energy?,2-hop,2-hop,0.026090384348564782,0.9271144260799593,0.04679518957147593,graphrag
150,"For loss of INS with no valid GPS/barometric fallback, what autonomous emergency transition and priority-tagged GCS mode-change notification are required?",2-hop,2-hop,0.38574453330198,0.6063333098164035,0.007922156881616448,graphrag
151,"How is a malformed GCS command screened against table-defined limits, sequence, and authentication before rejection and prevention of propagation into the control laws?",2-hop,2-hop,0.05009297151703953,0.860760084587107,0.0891469438958535,graphrag
152,How does the command path from the ground station to the flight control computer ensure invalid commands are rejected before reaching the control laws?,2-hop,2-hop,0.03425747736932408,0.8873107519874192,0.07843177064325689,graphrag
153,"For the battery maintenance interface, what authentication must be enforced before any diagnostics, firmware updates, or calibration actions are permitted?",2-hop,2-hop,0.3430074779776455,0.6515053879653117,0.005487134057042786,graphrag
154,Under what on-ground conditions is the recorder’s post-flight Ethernet retrieval interface available to maintenance personnel?,2-hop,1-hop,0.8203139024814576,0.17777894524511004,0.0019071522734324042,vanilla
155,How is compliance shown that 10 Hz health-monitoring tasks do not cause the 50 Hz outer-loop guidance law to exceed its 95%-of-cycles 2 ms jitter limit?,2-hop,2-hop,0.03642564882585942,0.9228617817565773,0.04071256941756333,graphrag
156,How is the 30-minute battery discharge endurance test tied to the lost-link return-to-base mission profile and associated essential/emergency bus loads?,2-hop,2-hop,0.3319579410710978,0.6517512129135815,0.01629084601532064,graphrag
157,"For payload telemetry forwarded for downlink, which fuel-control operator command path must the return-link interface also support, and under what authentication requirement?",2-hop,3+-hop,0.3671613739367485,0.06618549327649557,0.5666531327867559,agentic-graph
158,"For AeroLynx-X2, how is single-engine-out detection and asymmetric-thrust compensation validated from injected N1 loss through FCC response and operator notification timing?",2-hop,2-hop,0.22909035850642123,0.7581474023647848,0.012762239128793934,graphrag
159,"What APU health and battery data must the recorder capture, and at what rates during normal operation versus around an APM fault transition?",2-hop,2-hop,0.18303537386507843,0.809107772926953,0.007856853207968558,graphrag
160,"In approach mode, if a pilot override disconnects the autopilot, what guidance-source context and mode-transition details must the flight data recorder capture?",2-hop,2-hop,0.2281641504464291,0.7346132617158408,0.037222587837730026,graphrag
161,"How is an uplinked flight plan modification protected if cryptographic keys are zeroised, and what verification demonstrates the data link goes safely OFF afterward?",2-hop,2-hop,0.032832006179358594,0.9076600575821882,0.05950793623845324,graphrag
162,Will the GNSS receiver maintain operation and preserve sensor state and pointing through a 50 ms Category Z power interruption using essential-bus hold-up energy?,2-hop,2-hop,0.10315785998144889,0.8875557557872931,0.009286384231258032,graphrag
163,Under what fine-align and GPS-fix conditions will the INS enter NAV so GNSS velocity can support the autopilot’s ±0.5° track-hold requirement?,2-hop,2-hop,0.2130023382112545,0.7503934046983677,0.03660425709037782,graphrag
164,"How is the power subsystem’s APU load-transfer command sequence validated across sea-level and 44,000‑ft conditions to ensure timely ready acknowledgement before transfer?",2-hop,2-hop,0.1412513775468681,0.8422133689233592,0.016535253529772673,graphrag
165,"How does the command-validation discipline ensure unauthenticated, replayed, stale, or out-of-sequence ground commands are rejected before reaching the flight control laws?",2-hop,2-hop,0.17605266534109557,0.7831004732591058,0.04084686139979857,graphrag
166,How are the notch filters on inertial measurements derived from validated ground-vibration modal data and then verified before flutter-clearance flight testing?,2-hop,2-hop,0.24529365910776937,0.7294150097618428,0.025291331130387742,graphrag
167,What flight-test evidence demonstrates that hybrid-navigation accuracy supports the FMS’s enroute RNP lateral-guidance containment target when GPS/SBAS is available?,2-hop,1-hop,0.5801658724043748,0.4048314530827089,0.015002674512916226,vanilla
168,"During an MBIT firmware update, how should invalid or expired signature detection drive FMS mode transition and allowable navigation capability?",2-hop,2-hop,0.32847431984037934,0.6620683756662377,0.009457304493383032,graphrag
169,"Can payload sensor health and pointing data reach the GCS with mode-change telemetry within 200 ms, given return-link aggregation and payload status publication rates?",2-hop,2-hop,0.05619949674310351,0.9176553570211362,0.026145146235760225,graphrag
170,"When the PMC is qualified to the specified DO-160G environment and EMC limits, what GNSS frequencies and constellations must remain operable without interference via DLNK coexistence?",2-hop,2-hop,0.022107255319891772,0.9198465324106735,0.058046212269434856,graphrag
171,"How is a suspected GPS spoofing event detected in the inertial filter, handled in navigation fusion, and propagated to security monitoring and logging?",2-hop,2-hop,0.1103480652688887,0.8635668956389168,0.026085039092194475,graphrag
172,"During a 50 ms Category Z primary-power interruption, how does the specified essential-bus hold-up provision ensure both the INS and FCC remain continuously operational?",2-hop,2-hop,0.10796997991219559,0.8809684426597707,0.011061577428033752,graphrag
173,How is end-to-end DAA resolution coupling verified from intruder-profile injection through RA arming to autopilot engagement and correct rate-limited manoeuvre execution timing?,2-hop,2-hop,0.12917924549865853,0.8189043737739023,0.05191638072743917,graphrag
174,"If navigation flags spoofed GPS or INS inputs and deweights them, how is the resulting cyber incident prioritized by emergency management and what operator action follows?",2-hop,2-hop,0.017145243621990647,0.9301467428425729,0.05270801353543634,graphrag
175,"For maintenance-only external GNSS aiding used to reduce TTFF after storage, what operator authentication must be completed first, and where is it enforced?",2-hop,2-hop,0.10445367818713924,0.8685500649872876,0.026996256825573023,graphrag
176,"If external GNSS aiding is invoked through maintenance, what authentication and which maintenance interface requirements govern using the APM ground-maintenance port?",2-hop,1-hop,0.5893746700003707,0.07776566229728075,0.33285966770234854,vanilla
177,"If primary aircraft power drops out for 50 ms, how do the FCC hold-up requirement, essential-bus energy provision, and GNSS ride-through capability align?",2-hop,2-hop,0.08386697452971163,0.8901507761884339,0.025982249281854487,graphrag
178,"When an uplinked flight-plan change is received, what operator-confirmation workflow and full-diff display are required before activation, and what record must be stored afterward?",2-hop,2-hop,0.07568467240893954,0.8768826629932777,0.04743266459778283,graphrag
179,"During the fault-injection mode-transition test, when battery-only operation is entered after generator and APU failures, which loads must remain powered and which bus ties must change state?",2-hop,3+-hop,0.15057134119093973,0.2331443340458991,0.6162843247631612,agentic-graph
180,"For operator fuel commands sent over the data link, what encryption/authentication scheme and key-rotation rule must the interface comply with?",2-hop,2-hop,0.3156583396514144,0.6674406087611188,0.01690105158746685,graphrag
181,"In the 60-minute HIL recorder coverage check, how is compliance shown for the autopilot mode parameter sourced from the autopilot annunciation output at 2 Hz?",2-hop,2-hop,0.048357642076661565,0.9203967687952787,0.031245589128059803,graphrag
182,How does the FCC’s 1 Hz BIT status reporting drive both FDR health-record storage and the BIT subsystem’s consolidated health-status publication?,2-hop,2-hop,0.25932403292729655,0.7347959577661748,0.005880009306528697,graphrag
183,"Which essential-bus LRUs, including the data link, must continue operating through a 50 ms Category Z interruption, and how is that verified?",2-hop,1-hop,0.6124286731829255,0.11892346080730948,0.26864786600976504,vanilla
184,"When generator loss is induced on the iron-bird, which loads must drop during the transition to single-generator operation while flight-critical buses stay powered within limits?",2-hop,3+-hop,0.2834393032696924,0.0910864337300432,0.6254742630002643,agentic-graph
185,"During a single-engine-out event, what automatic detection, rudder-trim, and crew alerting sequence supports altitude hold with the remaining engine at 95% power?",2-hop,2-hop,0.2354946677548242,0.7464576802880191,0.018047651957156796,graphrag
186,"After the command link is lost, what warning and command inhibit must the GCS provide while the aircraft returns to the current authenticated rally point?",2-hop,2-hop,0.02915067000085589,0.8411940802242038,0.12965524977494033,graphrag
187,"On Stratos-7, how does the thrust-to-surface coordination logic at high N1 support compliance with the N1 reserve limit during takeoff and emergency power?",2-hop,2-hop,0.08470969769420235,0.8496402537079958,0.06565004859780194,graphrag
188,"How do lateral-guidance accuracy requirements constrain autopilot roll and throttle targets through the FCC flight-control command limits across enroute, terminal, and approach phases?",2-hop,2-hop,0.049833324655346484,0.7790014101775177,0.1711652651671358,graphrag
189,"How would the 60-minute HIL data review confirm the recorder captures BIT fault information from the mandatory parameter set, given the subsystem’s published health-status message details?",2-hop,2-hop,0.04175074901512952,0.9327648708976644,0.025484380087206108,graphrag
190,"Does the flight-plan upload path use the same public-key signature controls as field firmware updates over MBIT, including GCS countersignature and rejection of invalid, expired, or revoked loads?",2-hop,2-hop,0.008769635905955368,0.8701106441468385,0.1211197199472062,graphrag
191,"How do the data link crypto module and key-retention requirements support authenticated autonomous autopilot mode engagements, particularly for exceptions like DAA Resolution and RTB?",2-hop,2-hop,0.03539150939984508,0.7745317728654807,0.19007671773467416,graphrag
192,How are the inertial-measurement structural-notch filters validated using ground-vibration data and in-flight flutter testing to show adequate damping through the required flutter-clearance margin?,2-hop,2-hop,0.11594782349004208,0.8401893515157818,0.043862824994176326,graphrag
193,"For the flight data recorder’s mandatory engine-parameter logging, which engine status message fields must be captured, and at what recorder rate versus publication rate?",2-hop,1-hop,0.5008581967666034,0.12498974695755966,0.374152056275837,vanilla
194,"For authenticated in-flight mode changes, how do the message authentication methods and key-rotation policy align with the Link 16 terminal’s approved crypto module and 30-day key storage?",2-hop,2-hop,0.011056664052106202,0.8885549884879427,0.10038834745995118,graphrag
195,"For civil Nimbus-C3 operations, what SBAS processing capability is required for the INS to achieve the SORA OC-3 containment volume navigation performance?",2-hop,2-hop,0.22137671401562617,0.758933436545234,0.019689849439139807,graphrag
196,"For ground-maintenance fault-injection commands sent from BIT to the power subsystem, what operator authentication must be completed first, and by what login method?",2-hop,2-hop,0.11021823258123181,0.8759414383667136,0.013840329052054658,graphrag
197,How is the FCC’s 100 ms debounced weight-on-wheels input behavior verified on DAL-A platforms under a single landing-gear sensor fault?,2-hop,2-hop,0.36859099387734556,0.619909982900493,0.011499023222161309,graphrag
198,"Given the SAR’s EMC coexistence with the CDL, which GNSS bands and constellations must remain trackable on Stratos-7, AeroLynx-X2, and Nimbus-C3?",2-hop,1-hop,0.6096130511634704,0.06432063791781828,0.32606631091871136,vanilla
199,"Which flight-control computer display behavior is validated by the HMI verification requirement through the linked display logic reference, and what upstream cockpit interface requirement does it trace back to?",3+-hop,3+-hop,0.024231780387731716,0.07847327323086625,0.8972949463814018,agentic-graph
200,"Which flight control requirement is ultimately traced from the referenced air data requirement through the intermediate air data dependency, and how does that end-to-end linkage propagate across the ADS–FCC boundary?",3+-hop,3+-hop,0.004988642701848553,0.053308662674684204,0.9417026946234673,agentic-graph
201,"Which flight-control capability traces through the security and ground-control requirements to ultimately satisfy the aircraft power-management requirement, and what intermediate constraints must be met end-to-end?",3+-hop,3+-hop,0.04646608942589597,0.03726145181820445,0.9162724587558996,agentic-graph
202,Which flight dynamics verification requirement traces through navigation references to the downstream navigation requirement governing the related guidance behavior?,3+-hop,3+-hop,0.394981361999357,0.006558971133263779,0.5984596668673792,agentic-graph
203,Which human-machine interface requirement ultimately traces back to the autonomous control behavior through the security and energy management requirements?,3+-hop,3+-hop,0.45246697800352426,0.018821088834991857,0.5287119331614839,agentic-graph
204,"Which flight-control built-in test requirement traces through security constraints to the autopilot mode behavior, and what security requirement is referenced at both ends of that chain?",3+-hop,3+-hop,0.03873882982125006,0.03779084120381381,0.9234703289749362,agentic-graph
205,"Which command-and-data handling requirement ultimately supports the ground control system need, through the intermediate command/data link allocations and lower-level decomposition?",3+-hop,3+-hop,0.4284233624956239,0.028706849156366662,0.5428697883480096,agentic-graph
206,"Which power-system verification evidence traces through the referenced power-management analysis to the flight design rationale, and what upstream electrical requirement does it ultimately substantiate?",3+-hop,3+-hop,0.12673863327581006,0.043916936738762596,0.8293444299854272,agentic-graph
207,"How does the ground control requirement ultimately propagate through autonomy and energy management to the flight data recorder, and what recorder behavior is required as a result?",3+-hop,2-hop,0.011639357120984463,0.6871618541952489,0.3011987886837666,graphrag
208,Which built-in test function traces through flight control computer requirements to the EMS requirement ultimately supported by the referenced downstream control logic?,3+-hop,3+-hop,0.24177674227109394,0.026457906543597698,0.7317653511853083,agentic-graph
209,"Which flight control software requirement ultimately traces through detailed design to the flight data recording requirement for timestamped fault-event capture, and what intermediate control and recorder requirements connect them?",3+-hop,3+-hop,0.022745504825192248,0.07655380649809128,0.9007006886767165,agentic-graph
210,How does the thermal control architecture referenced by the initial avionics power requirement ultimately constrain the downstream avionics power requirement reached at the end of the trace chain?,3+-hop,2-hop,0.0021755027201742576,0.5313547488844063,0.46646974839541944,graphrag
211,"How does the payload’s structural interface flow down through the data link and command/telemetry link into the communications subsystem, and what end-to-end constraints must remain consistent?",3+-hop,2-hop,0.008183545337179163,0.7848746235056319,0.20694183115718898,graphrag
212,"Which command/data link capability ultimately satisfies the ground control system requirement through the referenced flight control computer functions, and how is that end-to-end trace established?",3+-hop,3+-hop,0.053915884681338365,0.018575477261939363,0.9275086380567222,agentic-graph
213,"How does the GPS requirement trace through inertial navigation to the downstream GPS dependency and back into INS, and what end-to-end dependency does that establish?",3+-hop,2-hop,0.01145192595063397,0.7097581927742546,0.27878988127511145,graphrag
214,"How does the flight control computer’s referenced requirement propagate through flight data recording and navigation logic to the underlying GPS requirement, and what end-to-end behavior is mandated?",3+-hop,3+-hop,0.0056511070059097265,0.39997011345556,0.5943787795385301,agentic-graph
215,How do the navigation power allocation constraints propagate through the command/data link back into power management and ultimately affect the flight control computer interface requirements?,3+-hop,2-hop,0.014940229914726884,0.6826364624392492,0.3024233076460239,graphrag
216,Which flight control computer requirement ultimately traces the EMS command/data link interface constraint back to the originating EMS behavior requirement?,3+-hop,3+-hop,0.3510249656445659,0.015510499029174016,0.6334645353262599,agentic-graph
217,Which security requirement is ultimately traceable from the initial CDL requirement through the referenced FMS and downstream CDL verification chain?,3+-hop,3+-hop,0.401154720340378,0.02535307702222452,0.5734922026373974,agentic-graph
218,"Which structural requirement drives the payload allocation that ultimately traces to the downlink interface constraint, and how is that linkage justified across the structure, payload, and communications modules?",3+-hop,3+-hop,0.013525444542896906,0.09048418750794941,0.8959903679491537,agentic-graph
219,"How does the flight control requirement trace through the data link and flight management functions to the crew interface, and what flight management behavior closes the loop?",3+-hop,2-hop,0.005240609954460668,0.5009229820985004,0.4938364079470389,graphrag
220,"Which flight-control requirement, via the pilot interface logic, ultimately traces to the navigation constraint on lateral guidance behavior?",3+-hop,1-hop,0.5572799872183751,0.014174889348646247,0.42854512343297874,vanilla
221,Which flight control requirement ultimately depends on the upstream control architecture baseline through an intermediate derived requirement and successive referenced guidance constraints?,3+-hop,3+-hop,0.15100707183610837,0.02093049984451012,0.8280624283193815,agentic-graph
222,How does the APM guidance requirement trace through security and built-in test constraints into flight-control behavior and ultimately the landing subsystem requirement?,3+-hop,2-hop,0.07672591114076414,0.4956555200766035,0.4276185687826323,graphrag
223,"Through the flight control and command/data link chain into autonomy, what security requirement ultimately constrains the referenced function, and how is that trace propagated end-to-end?",3+-hop,3+-hop,0.004868121752863397,0.32668917638305045,0.6684427018640862,agentic-graph
224,"Which display-level operator need ultimately traces through SAR processing and payload design to both EO/IR and radar sensing constraints, and what subsystem dependencies drive that allocation?",3+-hop,3+-hop,0.10838700600468998,0.09191942810896277,0.7996935658863472,agentic-graph
225,"Which flight-control verification requirement traces through power constraints to the GPS interface dependency, and what end-to-end rationale links those subsystems?",3+-hop,3+-hop,0.32135018696576917,0.015151300596043088,0.6634985124381877,agentic-graph
226,"Which flight computer security requirement flows through the data link to satisfy the communication subsystem requirement, and what intermediate security rationale connects them?",3+-hop,3+-hop,0.11243365305408065,0.023979139077515744,0.8635872078684036,agentic-graph
227,"Which flight management interface requirement traces through the security control to satisfy the top-level flight management requirement, and what end-to-end rationale links them?",3+-hop,3+-hop,0.10540235196200008,0.022035435954357724,0.8725622120836422,agentic-graph
228,"What end-to-end requirement flow links the security constraint to the final auto-function behavior, and how do the flight-control and data-link provisions propagate that constraint across subsystems?",3+-hop,3+-hop,0.004829855005438141,0.3538463350676639,0.641323809926898,agentic-graph
229,"How do the automated control functions trace through security and emergency management constraints to the cockpit display behavior, and what end-to-end dependency does that imply?",3+-hop,2-hop,0.008433743608701652,0.4988806925990011,0.4926855637922973,graphrag
230,"Which flight management function, via the flight data recorder linkage, ultimately traces to the data link requirement, and how is that end-to-end dependency justified across subsystems?",3+-hop,3+-hop,0.028211820579862715,0.039437703380357673,0.9323504760397796,agentic-graph
231,Which flight control computer requirement is ultimately implicated by the flight data recorder verification path through navigation and GPS references?,3+-hop,3+-hop,0.3543337797333585,0.007143630019108345,0.6385225902475332,agentic-graph
232,"Which control law requirement, ultimately linked from the fuel system requirement through the payload design trace, is referenced by the same control document and then traced onward to the flight control computer?",3+-hop,3+-hop,0.0064523295005520466,0.07621072598703084,0.9173369445124172,agentic-graph
233,"How does the fuel-system requirement trace through data loading and flight-control software to the final data-loader constraint, and what end-to-end dependency does that establish?",3+-hop,2-hop,0.015017883847450215,0.5322266070268055,0.45275550912574425,graphrag
234,"Which flight control computer requirement is ultimately satisfied by the flight data recorder requirement through the navigation, GPS, and inertial navigation traceability chain?",3+-hop,3+-hop,0.20618482333058186,0.024982988779565563,0.7688321878898524,agentic-graph
235,"Which power requirement traces through the built-in test and security controls to satisfy the instrumentation requirement, and what security constraint is referenced at both ends of that path?",3+-hop,3+-hop,0.012613407171158206,0.08101202576046146,0.9063745670683803,agentic-graph
236,Which data link requirement is ultimately implicated by the flight control requirement that references a security control via an intermediate control requirement?,3+-hop,3+-hop,0.10352468237501959,0.00801493033227311,0.8884603872927074,agentic-graph
237,"How does the power management requirement ultimately trace through autonomy and emergency management to the flight data recording obligation, and what end-to-end behavior must be captured?",3+-hop,2-hop,0.013777651075500656,0.5659923341257933,0.420230014798706,graphrag
238,Which GPS requirement is ultimately fulfilled via the security control referenced by the navigation requirement traced from the original GPS requirement?,3+-hop,3+-hop,0.25783204069218724,0.0195795811209297,0.722588378186883,agentic-graph
239,"Which data-link requirement ultimately constrains the security and EMS references inherited by the automatic function, and how does that end-to-end trace propagate across those subsystems?",3+-hop,3+-hop,0.027510789127433887,0.02764891973721201,0.9448402911353542,agentic-graph
240,"How does the engine management requirement trace through fuel system behavior to the cockpit indication requirement, and what fuel-related dependency is fed back into that control path?",3+-hop,2-hop,0.006714123531792089,0.5720611465651783,0.4212247299030296,graphrag
241,Which flight control computer function is ultimately justified by the GPS requirement through the linked security and built-in test requirements across the chain?,3+-hop,3+-hop,0.14749008239323075,0.0331768934093093,0.8193330241974599,agentic-graph
242,"Which flight control computer requirement, referenced by the command/data link specification and tracing onward to the automation subsystem, governs this end-to-end interface behavior?",3+-hop,3+-hop,0.09185090025394611,0.023024727791186198,0.8851243719548677,agentic-graph
243,Which payload requirement is ultimately satisfied by the security control referenced through the flight-control communication link that fulfills the communication requirement?,3+-hop,3+-hop,0.2609839719355558,0.01980719267456446,0.7192088353898797,agentic-graph
244,Which built-in test requirement ultimately satisfies the security control referenced by the flight data recorder requirement through the flight control computer trace chain?,3+-hop,3+-hop,0.18221143697683406,0.011093954763434924,0.8066946082597309,agentic-graph
245,Which flight data recorder requirement is ultimately referenced by the emergency monitoring requirement cited by the autonomous function verification requirement?,3+-hop,1-hop,0.5299787367108423,0.022682381441139834,0.4473388818480179,vanilla
246,"Which flight management function, via its cockpit display interaction, leads to the display verification requirement, and how is that end-to-end traceability established across FMS, HMI, and CDL?",3+-hop,3+-hop,0.05151069094671879,0.08692001596704096,0.8615692930862403,agentic-graph
247,"Which command-and-data-link requirement ultimately fulfills the secure communications requirement, and through what EMS reference path is that satisfaction traced across subsystems?",3+-hop,3+-hop,0.2748925895143162,0.025931237114805657,0.6991761733708781,agentic-graph
248,Which flight computer control requirement is ultimately justified by the flight data recorder requirement through the linked security and built-in-test trace chain?,3+-hop,3+-hop,0.1962525733630371,0.020640830218006525,0.7831065964189564,agentic-graph
249,"Which built-in test requirement is ultimately driven by the power requirement through the linked security and flight-control requirements, and what end-to-end rationale connects them?",3+-hop,3+-hop,0.06941301091331308,0.02719247984513395,0.9033945092415531,agentic-graph
250,"Which autonomy requirement is ultimately supported by the security control referenced by the communications verification requirement, and what communications item provides the verification evidence?",3+-hop,3+-hop,0.10643481934657932,0.06368580627436607,0.8298793743790546,agentic-graph
251,"Which GPS requirement traces through the security and emergency-management requirements to ultimately satisfy the navigation requirement, and what end-to-end rationale links them?",3+-hop,3+-hop,0.15935624110983096,0.023911292932038378,0.8167324659581306,agentic-graph
252,How does the secure data-link implementation satisfy the automation-level requirement while propagating referenced constraints through automation behavior to the radar subsystem?,3+-hop,2-hop,0.0871495131371498,0.6394637727758544,0.2733867140869957,graphrag
253,"Which flight-control communication requirement ultimately traces from the cockpit display link, through the controller and automation references, to the final automation behavior requirement?",3+-hop,3+-hop,0.11339077625745725,0.014108645660066726,0.872500578082476,agentic-graph
254,Which communications requirement is ultimately satisfied by the fuel-system requirement through the referenced security control and command/data link implementation chain?,3+-hop,3+-hop,0.34842441791381007,0.022432871685848153,0.6291427104003419,agentic-graph
255,How do the GPS-derived power constraints propagate through command/data handling and back into power requirements to shape the inertial subsystem’s implementation?,3+-hop,2-hop,0.1420120205101167,0.75801068780678,0.09997729168310325,graphrag
256,How do the emergency management constraints propagate through power allocation and navigation dependencies to determine the final command/data link behavior?,3+-hop,2-hop,0.22608183308518282,0.69079107247306,0.08312709444175724,graphrag
257,Which navigation requirement is ultimately supported by the security control satisfied by the GPS timing-reference requirement cited by the higher-level GPS requirement?,3+-hop,3+-hop,0.29642428703002927,0.03611605735202774,0.6674596556179431,agentic-graph
258,Which security requirement traces through autonomy functions to the radar interface constraint ultimately governing the referenced radar behavior?,3+-hop,3+-hop,0.4785805836395034,0.013120161000923392,0.5082992553595733,agentic-graph
259,"Which security requirement cited by the payload design is ultimately satisfied by the autonomy function, and where is that same security constraint referenced again downstream?",3+-hop,3+-hop,0.045025097336285014,0.05154279305190218,0.9034321096118129,agentic-graph
260,"What flight control computer behavior, as referenced by cockpit display logic and lighting requirements, ultimately satisfies the applicable security requirement?",3+-hop,3+-hop,0.3292340411261388,0.2084680321794616,0.4622979266943996,agentic-graph
261,"Which security requirement referenced by the autonomy control requirement is satisfied by the same control requirement and, through that linkage, points to the downstream autonomy interface requirement?",3+-hop,3+-hop,0.013461928538049972,0.05400842209793807,0.9325296493640121,agentic-graph
262,Which payload design requirement ultimately traces through command/data handling and flight-control security constraints to the final flight-control compliance obligation?,3+-hop,3+-hop,0.41269061155713577,0.01233079512922586,0.5749785933136384,agentic-graph
263,"Which autonomous control requirement fulfills the security constraint and, through its referenced autonomy behavior, ultimately traces to the radar interface requirement?",3+-hop,3+-hop,0.24106978936349877,0.0256917671092871,0.7332384435272141,agentic-graph
264,"Which flight control computer requirement is ultimately referenced by the power verification path through the communications data link, and what upstream power requirement does it trace back to?",3+-hop,3+-hop,0.016748145690916507,0.06089436086316632,0.9223574934459172,agentic-graph
265,"Which flight control requirement ultimately drives the cockpit interface behavior referenced through the control-chain dependency, and how does that end-to-end traceability flow across avionics and HMI?",3+-hop,3+-hop,0.032555785523200695,0.05008124615564311,0.917362968321156,agentic-graph
266,"Which flight-control requirement ultimately drives the GPS timing/power dependency through the referenced power allocation chain, and how does that dependency propagate across the involved subsystems?",3+-hop,3+-hop,0.055332035495542,0.0499945616085005,0.8946734028959575,agentic-graph
267,"Which inertial navigation requirement fulfills the security constraint that, through its referenced security rationale, ultimately traces to the GPS requirement it satisfies?",3+-hop,3+-hop,0.16750673932874546,0.013102284994455033,0.8193909756767995,agentic-graph
268,How do the automated control requirements trace through the radar subsystem dependencies to justify the final referenced automation constraint across the full chain?,3+-hop,2-hop,0.029749722958613528,0.5324652398413904,0.437785037199996,graphrag
269,"How does the security requirement propagate through built-in test and power into the instrumentation requirement, and what referenced security dependency must also be considered?",3+-hop,2-hop,0.022144653449806234,0.6183565455868426,0.35949880096335124,graphrag
270,Which avionics processing requirement traces through the security and built-in test specifications to the inspection criterion it ultimately satisfies?,3+-hop,3+-hop,0.45955358867908586,0.011511614149981997,0.5289347971709321,agentic-graph
271,Which power-system verification artifact traces through the automation and emergency-management requirements to the automation requirement ultimately satisfied by the emergency-management function?,3+-hop,3+-hop,0.3576330557501129,0.04637790321406821,0.5959890410358187,agentic-graph
272,"Which built-in test verifies the power requirement tied to the cited security control, and what ground-control interface constraint is ultimately referenced through that chain?",3+-hop,3+-hop,0.448216226075903,0.0388489817750446,0.5129347921490525,agentic-graph
273,"Which flight-control computer requirement is ultimately traced back to the ground-control system through the security requirement and BIT reference chain, and how is that linkage justified?",3+-hop,3+-hop,0.03094427480323909,0.04056912874449121,0.9284865964522697,agentic-graph
274,"How does the flight control function depend on power support through navigation and ultimately inertial sensing, and what end-to-end behavior is required across those subsystems?",3+-hop,2-hop,0.017189022534665428,0.705295115272913,0.2775158621924216,graphrag
275,"Which APM requirement is ultimately traced from the EPS power-distribution requirement through the intermediate EPS dependencies, and what system function does that end requirement govern?",3+-hop,3+-hop,0.060481800535291334,0.05898761651102293,0.8805305829536857,agentic-graph
276,"How does the autonomous function’s top-level requirement trace through radar interface constraints and back to its originating autonomy requirement, and what end-to-end obligation does that imply?",3+-hop,2-hop,0.00507758227145904,0.5758562063566767,0.41906621137186423,graphrag
277,"Which command/data link verification requirement ultimately traces through the security controls to the flight control computer constraint, and how does that chain close back to the same security requirement?",3+-hop,3+-hop,0.007912956530272144,0.09121304287772268,0.9008740005920052,agentic-graph
278,"How do the autonomous control requirements trace through security constraints into emergency management behavior, and which security requirement closes the loop back into the autonomy design?",3+-hop,3+-hop,0.025469928479743522,0.06205749144198879,0.9124725800782677,agentic-graph
279,"Which GPS requirement fulfills the security control that references the EMS constraint and ultimately satisfies the INS requirement, and what end-to-end traceability justifies that linkage?",3+-hop,3+-hop,0.036480804983529395,0.013993596973752881,0.9495255980427176,agentic-graph
280,Which flight control computer function ultimately fulfills the security-driven navigation requirement chain through GPS and inertial sensing dependencies?,3+-hop,1-hop,0.5412505047928003,0.009045796492698977,0.4497036987145006,vanilla
281,Which communications requirement is ultimately fulfilled by the automatic control requirement through the referenced security and command/data link requirements?,3+-hop,3+-hop,0.35186633708432735,0.014991169244963931,0.6331424936707086,agentic-graph
282,Which autonomous tracking requirement ultimately depends on the EO/IR target characterization specification through the radar detection and handoff chain?,3+-hop,1-hop,0.6677086325496687,0.03438162099733419,0.297909746452997,vanilla
283,"Which communications requirement, linked through the security constraint referenced by the fuel requirement, ultimately traces to the EMS requirement, and what end-to-end dependency does that establish?",3+-hop,3+-hop,0.027003467778713236,0.05097406083911818,0.9220224713821686,agentic-graph
284,"How does the power requirement for the GPS path flow through the intermediate power and inertial references back to the originating power constraint, and what end-to-end obligation results?",3+-hop,3+-hop,0.0016864216138596016,0.42681330173158954,0.5715002766545509,agentic-graph
285,Which autonomy requirement is ultimately traced from the referenced security control through the data link requirement and subsequent security/autonomy satisfaction links?,3+-hop,3+-hop,0.1533419339864788,0.02447011644826891,0.8221879495652523,agentic-graph
286,"Which security requirement referenced by the navigation function ultimately traces to the GPS requirement it satisfies, and how does that navigation requirement connect the two?",3+-hop,3+-hop,0.06690223340470809,0.02435027172453651,0.9087474948707555,agentic-graph
287,"Which flight-control requirement, traced from the built-in test function through the environmental monitoring requirement it satisfies, ultimately references the final EMS requirement?",3+-hop,3+-hop,0.19340377761106944,0.006263082792641248,0.8003331395962894,agentic-graph
288,"Which flight control requirement ultimately traces through the GPS subsystem to an inertial navigation requirement, and what end-to-end behavior or dependency does that chain establish?",3+-hop,3+-hop,0.055376953804826524,0.033774771248844725,0.9108482749463288,agentic-graph
289,Which cockpit display requirement cited by the ice-protection specification links through the flight-control computer safety requirement to the security requirement that references the display data-link requirement?,3+-hop,3+-hop,0.029304649498395906,0.02926662061573068,0.9414287298858733,agentic-graph
290,"What flight data recorder requirement ultimately depends on inertial sensor provisions through navigation and GPS traceability, and how does that dependency chain affect recorded positioning data?",3+-hop,2-hop,0.017444590162418103,0.5977823749273193,0.38477303491026255,graphrag
291,"How does the control data link requirement propagate through flight control and flight management into the pilot interface, and what end-to-end behavior must the cockpit display present?",3+-hop,2-hop,0.00702711167034335,0.5083844305156482,0.4845884578140085,graphrag
292,"Which engineering constraint is ultimately traced from the test case’s referenced flight dynamics requirement through its verification link and subsequent references, and how does that end-to-end chain justify compliance?",3+-hop,3+-hop,0.008468430929301886,0.030762358065707842,0.9607692110049902,agentic-graph
293,"What top-level built-in test objective ultimately traces through the software requirement and logic design into the command/data link implementation, and what downstream design obligation does it impose?",3+-hop,2-hop,0.005673687571664895,0.582261054775856,0.41206525765247926,graphrag
294,How does the application process requirement trace through security and built-in test constraints to the ground control station capability it ultimately depends on?,3+-hop,2-hop,0.03493852045022752,0.7348628679726845,0.2301986115770881,graphrag
295,"Which automatic control requirement satisfies the security need, and what emergency management reference chain does it depend on to fully justify compliance?",3+-hop,3+-hop,0.11476833255507883,0.016620566551397542,0.8686111008935237,agentic-graph
