query,pipeline,repeat,query_type,judged_on,gemini_faithful,gemini_reason,gemini_tokens
Who is the chief judge of Fred Aghogho Brume's birthplace?,graphrag,0,1-hop,2026-08-21,True,The answer accurately states that Brume's birthplace is not provided in the context and all cited facts are supported.,1612
Who constituted the freikorps in the country that the German Socialist Party was part of?,graphrag,0,1-hop,2026-08-21,True,All claims in the answer are directly supported by the cited retrieved contexts.,1750
Who did the Huguenots in the state primary Edwards won outside of Georgia buy land from?,graphrag,0,1-hop,2026-08-21,True,The answer accurately notes the missing context while strictly grounding all its factual statements in chunk [MQ-002-P19].,2193
Where was Mary's betrothed born?,graphrag,0,1-hop,2026-08-21,True,The answer accurately reflects that the provided contexts do not mention the birthplace of Mary's betrothed (Joseph) and correctly summarizes the referenced text.,2010
The island where they filmed ninja warrior in Australia is located in what harbor?,graphrag,0,1-hop,2026-08-21,True,All claims regarding the filming location of Australian Ninja Warrior on Cockatoo Island and its location in Sydney Harbour are directly supported by the provided contexts.,2346
Who is the mother of the founder of Mormonism?,graphrag,0,1-hop,2026-08-21,True,The answer accurately cites and is fully supported by the provided context chunks.,2047
"Who wrote ""Turn Me On"" by performer of ""Happy Pills""?",graphrag,0,1-hop,2026-08-21,True,Every claim in the answer is directly supported by the retrieved contexts [MQ-006-P15] and [MQ-006-P00].,1751
"Who wrote the song ""The Story"" that is sung by the performer of ""That Wasn't Me""?",graphrag,0,1-hop,2026-08-21,True,All factual claims and citations are directly supported by the retrieved contexts.,1448
Who did Hayek work for upon being hired by the author of Omnipotent Government?,graphrag,0,1-hop,2026-08-21,True,The answer is fully supported by chunk [MQ-008-P17].,1963
Who is the brother of the Nothin' My Love Can't Fix performer?,graphrag,0,1-hop,2026-08-21,True,The answer accurately states that the performer is Joey Lawrence based on MQ-009-P03 and correctly identifies that the context lacks information about his brother.,1377
Who introduced a system of musical notation in the 14th century that is used in the area where most of the invasion of the eastern Roman Empire took place?,graphrag,0,1-hop,2026-08-21,True,All statements and conclusions in the answer are directly supported by the retrieved contexts.,2394
What other county does the county where Imperial is located share a border with?,graphrag,0,1-hop,2026-08-21,True,"The answer accurately reflects the context by identifying that Imperial is in Pecos County, Texas, and correctly noting that the context does not specify which counties border Pecos County.",1671
The author of Alciphron lived in what century?,graphrag,0,1-hop,2026-08-21,True,The answer accurately states that the provided contexts contain no information about Alciphron or the century in which the author lived.,1553
What publisher was formed from the owner of the The Daily News?,graphrag,0,1-hop,2026-08-21,True,All claims regarding The Daily News ownership by MediaNews Group and its subsequent merger to become Digital First Media are directly supported by the context.,1455
What is the date of birth for the performer of Unbreakable?,graphrag,0,1-hop,2026-08-21,True,The answer accurately identifies James Cottriall as the performer of Unbreakable and provides his date of birth as 1 January 1986 based on the provided contexts.,1798
Who was in charge of the province which contains Zeevang?,graphrag,0,1-hop,2026-08-21,True,All claims regarding Zeevang being in North Holland and Johan Remkes being the King's Commissioner are supported by the retrieved contexts.,1385
Who played king whose regal Name did Albert Adopt in the king's speech?,graphrag,0,1-hop,2026-08-21,True,All factual statements in the answer regarding Colin Firth playing King George VI and Albert adopting that regnal name are directly supported by the context.,1948
What county was Tim Dubois born in?,graphrag,0,1-hop,2026-08-21,True,"The answer accurately states that the retrieved context only mentions Southwest City, Missouri, without specifying the county.",1779
What was the story that included the character from The Bourne Betrayal based on?,graphrag,0,1-hop,2026-08-21,True,All claims in the answer are fully supported by the retrieved contexts.,2012
Where is the province of Gonbad-e Qabus County located?,graphrag,0,1-hop,2026-08-21,True,All claims regarding the location of Gonbad-e Qabus County and Golestan Province are directly supported by the retrieved contexts.,1601
"What record label released the debut album of the artist behind the 1993 album ""Let There be Love"".",graphrag,0,1-hop,2026-08-21,True,"All factual statements regarding the 1993 album, Joni James, and the release of her debut album by MGM Records are supported by the retrieved contexts.",1643
What company is the college where Wolf V. Vishniac studied a part of?,graphrag,0,1-hop,2026-08-21,True,The answer accurately states what information is present in the context and correctly identifies that the requested company affiliation is not provided.,1635
Where did the painter of The Mud Bath study?,graphrag,0,1-hop,2026-08-21,True,All statements and citations in the answer are directly supported by the retrieved contexts.,1327
What university did the author of 1967: The Last Good Year attend?,graphrag,0,1-hop,2026-08-21,True,The answer accurately reflects that the contexts identify Pierre Berton as the author but do not provide information on the university he attended.,1550
What is the parent company of the record label releasing Cold Turkey?,graphrag,0,1-hop,2026-08-21,True,"The answer accurately uses the retrieved contexts to establish that Cold Turkey was released on Apple Records, which is a division of Apple Corps Ltd.",1307
What month did the person who retained trust in Longchamp go away to the Holy Land?,graphrag,0,1-hop,2026-08-21,True,"All facts and citations are directly supported by the retrieved contexts, which do not contain the specific month Richard went to the Holy Land.",1892
What is the mascot of William J. Ripple's university?,graphrag,0,1-hop,2026-08-21,True,All facts and citations are fully supported by the provided contexts.,1523
What year did the author of The First Blast of the Trumpet Against the Monstruous Regiment of Women die?,graphrag,0,1-hop,2026-08-21,True,The answer accurately states what is provided in the retrieved context and correctly notes that the death year is missing.,1626
Who is the king that translated the Bible and was on the throne when MacBeth was written?,graphrag,0,1-hop,2026-08-21,True,All factual statements in the answer are directly supported by the retrieved contexts.,2224
"What shares a border with the administrative territorial entity Radwanice, Polkowice County is located in?",graphrag,0,1-hop,2026-08-21,True,The answer accurately reflects the context and correctly identifies that the retrieved text does not contain information about the bordering entities.,1714
What record label did the performer of The Place and the Time belong to?,graphrag,0,1-hop,2026-08-21,True,The answer accurately summarizes what information is present in the context and correctly points out that the specific record label the performer belonged to is not provided.,1494
Who is the president of the group Kim Un-yong is a member of?,graphrag,0,1-hop,2026-08-21,True,All claims in the answer are directly supported by context [MQ-031-P14].,1791
Who wrote the song sung by the performer of The Story?,graphrag,0,1-hop,2026-08-21,True,All factual statements and cited references are directly supported by the retrieved context chunks.,1641
Who is the spouse of the famous governor signing legislation in honor of Donda West's death?,graphrag,0,1-hop,2026-08-21,True,"All facts in the answer, including the identification of Arnold Schwarzenegger and his spouse Maria Shriver, are directly supported by the retrieved contexts.",1362
What is the name of the game reserve in the country where hunters spend 50 to 100 times more than the average ecotourist?,graphrag,0,1-hop,2026-08-21,True,"All claims regarding Tanzania, hunter spending, and the Selous Game Reserve are directly supported by the provided contexts.",1769
"In 1990, who became the president of the country that Germany invaded?",graphrag,0,1-hop,2026-08-21,True,The answer accurately identifies the invasion of Poland from the context and correctly states that the context does not contain information about who became president of Poland in 1990.,1795
What team is the highest goal scorer in the EPL a member of?,graphrag,0,1-hop,2026-08-21,True,All facts and cited references in the answer are directly supported by the retrieved contexts.,2103
Who was the spouse of the British queen?,graphrag,0,1-hop,2026-08-21,True,The answer accurately reflects the information in the provided context regarding Queen Elizabeth II's marriage to Philip Mountbatten.,1875
"The author of the novel ""2030"" was nominated for what award for his role in ""Broadcast News""?",graphrag,0,1-hop,2026-08-21,True,All factual claims regarding Albert Brooks authoring the novel and his Academy Award nomination for Broadcast News are fully supported by the contexts.,1581
Who is the spouse of the person who does the voice for Smokey the Bear?,graphrag,0,1-hop,2026-08-21,True,The answer correctly identifies the voice actors mentioned in the context and accurately states that spouse information is not provided in the retrieved text.,2203
Who is the child of the Victim of Romance performer?,graphrag,0,1-hop,2026-08-21,True,The answer accurately cites the context regarding Michelle Phillips' album and correctly states that the retrieved material does not identify her child.,1967
What was the last year of the Castle of Riddles publisher?,graphrag,0,1-hop,2026-08-21,True,The answer accurately states that Acorn Computers pulled out of the games publishing market in 1985 based on chunk [MQ-041-P16].,2019
Who founded what Robert J Chassell is a member of?,graphrag,0,1-hop,2026-08-21,True,All claims in the answer are directly supported by context MQ-042-P14.,1262
Who did the star of Dark Hazard play in The Ten Commandments?,graphrag,0,1-hop,2026-08-21,True,The answer accurately cites the retrieved contexts which confirm Edward G. Robinson starred in Dark Hazard and played Dathan in The Ten Commandments.,1786
with what movie did Mary Philips' husband win his only oscar?,graphrag,0,1-hop,2026-08-21,True,The answer accurately states that the contexts identify Humphrey Bogart as Mary Philips' husband but do not mention which film won him his only Oscar.,1662
At what local time does the country where Fuser and Alberto meet the indigenous couple traveling to look for work change their clocks for DST?,graphrag,0,1-hop,2026-08-21,True,"The answer accurately notes the missing context regarding Fuser and Alberto, and all specific factual statements made about DST shift times are directly supported by the retrieved contexts.",2152
"Along with Kenny G and the performer of Off the Beaten Path, what artist was featured on smooth jazz stations?",graphrag,0,1-hop,2026-08-21,True,Every claim in the answer is directly supported by the retrieved contexts [MQ-046-P19] and [MQ-046-P04].,1233
Where does Hala El Badry's university rank according to QS World University Rankings?,graphrag,0,1-hop,2026-08-21,True,The answer accurately cites Hala El Badry's alma mater and its QS World University Rankings position directly from the retrieved context.,1592
What is the experimental satellite being forerunner to communication satellite of INSAT-4CR's manufacturer called?,graphrag,0,1-hop,2026-08-21,True,The answer accurately reflects the contents of the retrieved contexts and correctly notes missing information regarding the manufacturer.,1921
When did the stalemate happen in the war where UN troops approached the Yalu River?,graphrag,0,1-hop,2026-08-21,True,All factual claims and citations are directly supported by the retrieved contexts.,2356
What league does the team that uses Dick's Sporting Goods Park play for?,graphrag,0,1-hop,2026-08-21,True,All facts and requirement citations in the answer are directly supported by the retrieved contexts.,1392
Who was the first president in the country where the Kamchatka Peninsula is located?,graphrag,0,1-hop,2026-08-21,True,"All factual statements are supported by the provided text, and the answer accurately notes that the context does not explicitly specify who the first president was.",2305
When was Q1 who was impeached in england for acts committed as governor general of india impeached?,graphrag,0,1-hop,2026-08-21,True,"All claims regarding Warren Hastings, the presentation of charges on 4 April 1786, and the trial beginning on 14 February 1788 are supported by the retrieved contexts.",2366
"This cast member in ""Search for the Gods"" also plays a character in which film?",graphrag,0,1-hop,2026-08-21,True,All claims regarding Kurt Russell's appearances in Search for the Gods and Deepwater Horizon are directly supported by the retrieved contexts.,2029
Who is the child of the creator of A Distinguished Member of the Humane Society?,graphrag,0,1-hop,2026-08-21,True,The answer accurately states that the creator is Sir Edwin Henry Landseer based on the context and correctly identifies that the contexts contain no information about his child.,1872
What was the population of the European country the Huguenots felt kinship for emigration to before this emigration?,graphrag,0,1-hop,2026-08-21,True,"All facts in the answer, including the identification of the Dutch Republic and its population of approximately 2 million, are directly supported by the retrieved contexts.",2183
What company was formed after a merger of the company that built ASM-N-5 Gorgon V?,graphrag,0,1-hop,2026-08-21,True,All factual claims and citations in the answer are directly supported by the retrieved contexts.,1575
"According to Pew, in 2010, what percent of Nigeria's population practiced the religion dominant in the countries surrounding Armenia?",graphrag,0,1-hop,2026-08-21,True,"All claims are supported by the retrieved contexts, and missing information regarding countries surrounding Armenia is correctly identified.",2678
From where do buses leave the city CKIS-FM serves?,graphrag,0,1-hop,2026-08-21,True,The answer accurately states that the retrieved context lacks information on bus departures from Toronto and correctly cites the provided contexts.,1451
Who is the child of Sigrid Eskilsdotter's child?,graphrag,0,1-hop,2026-08-21,True,"The answer is fully supported by context MQ-059-P15, which explicitly states that Sigrid Eskilsdotter was the maternal grandmother of King Gustav Vasa of Sweden.",1426
This is an instance of who was named commander in chief of texas forces by the new national government of texas National Forest?,graphrag,0,1-hop,2026-08-21,True,All claims in the answer accurately reflect the provided context in MQ-060-P00 and appropriately address the limits of the context.,1806
Who is a cast member of the show that contains the character Michael Knight?,graphrag,0,1-hop,2026-08-21,True,The contexts directly confirm that Michael Knight is the protagonist of Knight Rider and was played by David Hasselhoff.,1313
Who was the first black student admitted to where Robert Khayat was educated?,graphrag,0,1-hop,2026-08-21,True,All claims regarding Robert Khayat's education and James Meredith being the first black student admitted to the University of Mississippi are fully supported by the contexts.,1695
What is the maximum amount of load that can be drawn by the device where 1.1 was the first widely used version?,graphrag,0,1-hop,2026-08-21,True,All factual claims regarding USB version 1.1 and the maximum power loads for USB versions are directly supported by the retrieved contexts.,2921
"Who employs the author of ""Ravenswood: The Steelworkers' Victory and the Revival of American Labor""?",graphrag,0,1-hop,2026-08-21,True,All claims regarding the authorship and the employer are directly supported by the retrieved contexts.,1371
"Why was Common Sense, by the same author as Rights of Man, an important work?",graphrag,0,1-hop,2026-08-21,True,"All statements about Common Sense, its impact, quotes, and authorship by Thomas Paine are directly supported by the retrieved contexts.",2437
Who was the spouse of the person the Bible says was the first king of Israel?,graphrag,0,1-hop,2026-08-21,True,The contexts confirm that Saul was the first king of Israel and identify Ahinoam as Saul's wife.,1589
The native country of emu birds started conscription. This occurred during the war depicted in The Things They Carried. What year did the draft start?,graphrag,0,2-hop,2026-08-21,False,The retrieved contexts do not mention emu birds or their native country.,1900
In the Arabic dictionary what is the meaning of the word that also refers to the majority religion in India when the country containing the Neolithic graveyards was created?,graphrag,0,2-hop,2026-08-21,True,The answer accurately states what is present in the context and correctly identifies the missing information needed to fully answer the question.,2699
"When did the party that had majorities in Congress prior to the 1954 elections, take control of the organization that determines the rules of the US house and US senate?",graphrag,0,2-hop,2026-08-21,True,The answer accurately summarizes the retrieved context and correctly states that the specific organization and takeover date are not mentioned in the context.,2326
When did the party holding the majority in the House of Representatives take control of the determiner of rules of the House and Senate?,graphrag,0,2-hop,2026-08-21,True,The answer accurately states that the retrieved context lacks the necessary information to answer the question.,2003
When was the death penalty reinstated in the state that contains the county where Howard Mill is located?,graphrag,0,2-hop,2026-08-21,True,The answer accurately reflects the provided contexts and correctly notes that the date of California's reinstatement of the death penalty is not in the text.,1643
What does SEAL stand for in the military group that is part of the branch that operates the USS Askari?,graphrag,0,2-hop,2026-08-21,True,All statements in the answer are directly supported by the retrieved contexts.,1505
"Who was the first elected president of the country where, along with the nation where Ágnes Konkoly is from, many expelled French Jews relocated to?",graphrag,0,2-hop,2026-08-21,True,The answer correctly references details provided in the context and accurately states that the first elected president of Poland is not mentioned.,1986
What was Nintendo's limit on games per developer per year on the platform of Nightshade?,graphrag,0,2-hop,2026-08-21,True,All claims regarding the game limit on the NES and Nightshade's platform are directly supported by the retrieved contexts.,2528
The population of the country that worked with the outfit behind Man in Space Soonest numbers how much?,graphrag,0,2-hop,2026-08-21,True,The answer accurately cites the provided contexts and correctly notes that the population figure is not mentioned.,1957
How many times did the plague occur in the city where the painter of The Bacchanal of the Andrians died?,graphrag,0,2-hop,2026-08-21,True,The answer accurately cites information from the retrieved contexts and correctly states that the painter's place of death is not provided.,2449
"What UK label was bought by the broadcast company that, along with ABC and the original network of Undercovers, is one of the major broadcasters based in New York?",graphrag,0,2-hop,2026-08-21,True,"All facts in the answer, including the identification of NBC, CBS, and the acquisition of Oriole Records, are fully supported by the retrieved contexts.",1653
What time do alcohol sales begin in the largest state of the region where the fictional Gilead is located in The Handmaid's Tale?,graphrag,0,2-hop,2026-08-21,False,The retrieved contexts do not provide evidence that Maine is the largest state in the New England region.,1976
How many people live in the largest state of the region where The Family Stone takes place?,graphrag,0,2-hop,2026-08-21,True,The answer accurately acknowledges that the retrieved contexts do not provide enough information to answer the question beyond noting that the movie takes place in a small New England town.,1716
"Where do greyhound buses depart from, in the city where the performer of Sleep Is the Enemy was formed?",graphrag,0,2-hop,2026-08-21,False,"The answer includes details about the performer of Sleep Is the Enemy and where they were formed, which are not present in the retrieved context.",1978
When did the majority party of the branch of government that the President calls to support appointments to the USAF gain control in the House?,graphrag,0,2-hop,2026-08-21,True,All factual claims are fully supported by and correctly cited from the provided context.,2765
"What mountains can you see from Portland, in the state with the county where McCauley Mountain is located?",graphrag,0,2-hop,2026-08-21,True,All statements are fully supported by the provided context chunks and accurately acknowledge the limitation of the retrieved information.,1568
When did the luxury division of the maker of the Toyopet Master change the body style of the rx 350?,graphrag,0,2-hop,2026-08-21,True,"All factual claims, including the connections between Toyota, Lexus, and the RX 350 facelift timeline, are fully supported by the retrieved contexts.",2618
In what region of the country containing the district of A Lưới is the city that has the Zone 5 Military Museum located?,graphrag,0,2-hop,2026-08-21,True,"All claims regarding A Lưới, the Zone 5 Military Museum's location in Da Nang, and Da Nang's location in the South Central Coast region of Vietnam are fully supported by the provided contexts.",1380
Who is the wife of the man who produced the documentary of the pop star who influenced Beyonce?,graphrag,0,2-hop,2026-08-21,True,The answer accurately summarizes the retrieved context and correctly notes that David Gest's wife is not mentioned.,2308
How long had the city where Qing lost in 1853 been the capital of the administrative territorial entity Guangling District is located?,graphrag,0,2-hop,2026-08-21,True,The answer accurately states what information is supported by the retrieved contexts and correctly identifies that the specific duration requested cannot be determined from the provided text.,2063
"When is Celebrity Big Brother coming to the network which, along with ABC and the network which aired Law of the Plainsman, is the other major broadcaster based in NY?",graphrag,0,2-hop,2026-08-21,False,The claim that 'Law of the Plainsman' aired on NBC introduces external information not present in the retrieved contexts.,2410
Who owns the record label where the singer of All Right records?,graphrag,0,2-hop,2026-08-21,True,The answer accurately states what the contexts contain and correctly identifies that the contexts lack the information needed to link the singer to a specific record label.,1626
"In what region of the country where Châu Đức is found, is the birthplace of John Phan?",graphrag,0,2-hop,2026-08-21,False,"The answer claims the context does not state the region of Da Nang, which directly contradicts chunk [MQ-089-P03] stating Đà Nẵng is in central Vietnam.",1794
When was the last time the team that Terry Twell was a member of beat the 194-95 winner of the FA Cup?,graphrag,0,2-hop,2026-08-21,True,The response accurately identifies the relevant facts from the contexts and correctly states that the specific match history needed to answer the question is missing.,2466
"What dissolved the privileges in Poland of the empire that the British sided with against the Ottomans, the Kingdom that acquired some Thuringian territory in 1815, and the Habsburg Monarchy?",graphrag,0,2-hop,2026-08-21,True,All factual statements and cited references are accurately supported by the retrieved contexts.,2520
"How were the people that the Somali Muslim Ajuran Empire made coins to proclaim independence from, expelled from the country that Minyekyawdin lived in?",graphrag,0,2-hop,2026-08-21,True,The answer accurately summarizes the retrieved context regarding the Somali Muslim Ajuran Empire and Portuguese coinage while correctly stating that information about Minyekyawdin and the expulsion of,1814
How many times did the plague occur in the birth city of the composer of Scanderbeg?,graphrag,0,2-hop,2026-08-21,False,The retrieved contexts do not state or support that Venice was the birth city of Antonio Vivaldi.,2491
Who is the president of the newly declared independent country that is part of the Commission of Truth and Friendship with the country where Jenggawah is located?,graphrag,0,2-hop,2026-08-21,True,The answer accurately states what information is supported by the context and correctly identifies that the president of Timor-Leste is not named in the provided texts.,2214
"When did Nissan, the Acura Legend maker and the Scion Fuse manufacturer open US assembly plants?",graphrag,0,2-hop,2026-08-21,True,"All facts, entity connections, and citations are fully supported by the provided contexts.",2129
Where do greyhound buses leave from the in the city where the headquarters of the production company which produced A Cosmic Christmas is located?,graphrag,0,2-hop,2026-08-21,False,The contexts do not contain information about the production company for A Cosmic Christmas or the location of its headquarters.,1791
When did the headquarters city of the Blanton's manufacturer elect its first black mayor?,graphrag,0,2-hop,2026-08-21,True,The answer accurately summarizes the manufacturer information from the context and correctly states that the context lacks information about when the city elected its first black mayor.,1768
What does seal stand for in the U.S. military branch that operates a list of destroyer classes and the USS Stag?,graphrag,0,2-hop,2026-08-21,True,All claims regarding the meaning of SEAL and the branch associated with the USS Stag are directly supported by the context.,1343
In what region of Phu Luong's country is John Phan's birthplace located?,graphrag,0,2-hop,2026-08-21,True,"All stated facts and requirement citations are directly supported by the retrieved contexts, correctly noting the missing region information.",1452
Which opera company is based in the city where the Yongle Emperor greeted the leader that the edict was addressed to?,graphrag,0,2-hop,2026-08-21,True,The answer accurately states what is supported by the context and correctly identifies that the specific opera company is not mentioned.,2181
"What is the average daytime temperature in the region where Richmond is found, in the state where WGCK-FM is located?",graphrag,0,2-hop,2026-08-21,True,The answer accurately summarizes the relevant facts from the contexts and correctly states that the requested temperature data is missing.,1947
"Besides the body of water by the city where Erwin Speckler died, and the Irish Channel, what else was lowered in the last cold phase?",graphrag,0,2-hop,2026-08-21,True,All factual claims made in the answer are directly supported by context chunk [MQ-102-P09].,2030
Who played who sang is she really going out with him in the who influenced Beyonce movie?,graphrag,0,2-hop,2026-08-21,True,"All factual claims and citations accurately reflect the provided contexts, correctly noting that the information needed to answer the full question is missing.",2118
"When did the people who first imported slaves to New York, come to the country where Lord of the Rings was filmed?",graphrag,0,2-hop,2026-08-21,True,The answer accurately summarizes what is supported by the context and correctly identifies that the necessary information to answer the question is missing.,2064
When did the party who gained control of congress in the midterm elections in 1946 take control of the determiner of rules of the US House and US Senate?,graphrag,0,2-hop,2026-08-21,True,The answer accurately reports what is contained in the contexts and correctly notes that the specific timing regarding the determiner of rules is not stated.,2156
Which missionary helped spread the religion widely practiced in region having the second largest rain-forest in the world?,graphrag,0,2-hop,2026-08-21,True,"All claims regarding the region, religion, and the Sufi missionaries are fully supported by the referenced contexts.",1994
When did the luxury division of the manufacturer of the Scion bbX change the body style of the rx 350?,graphrag,0,2-hop,2026-08-21,False,The contexts do not state that Lexus is the luxury division of Toyota.,2034
When was the last time Peter Till's sports team beat the winner of the 1894-95 FA Cup?,graphrag,0,2-hop,2026-08-21,False,"The contexts do not state or imply that Aston Villa won the 1894–95 FA Cup, as they only identify Howard Vaughton as a silversmith and former Aston Villa player.",2379
What other types of theater performance are seen in the city where the Yongle emperor greeted the person to whom the edict was addressed?,graphrag,0,2-hop,2026-08-21,True,The answer accurately states that the meeting occurred in Nanjing and correctly points out that theater performance details are not present in the contexts.,2284
Where do Greyhound buses leave from in the city where the band that recorded the album I'm Alive and on Fire formed?,graphrag,0,2-hop,2026-08-21,True,"All factual claims made in the answer are supported by the retrieved contexts, including the explicit acknowledgment of the missing information about where the band formed.",2190
"How were the people that the Somali Muslim Ajuran Empire made coins to proclaim independence from, expelled from the country where Mohinga is eaten?",graphrag,0,2-hop,2026-08-21,True,The answer accurately cites the context regarding the Portuguese and correctly states that the context lacks information about Mohinga or their expulsion.,1815
Where do greyhound buses leave from in the city where the headquarters of Care Bears: Journey to Joke-a-lot's production company is located?,graphrag,0,2-hop,2026-08-21,False,"The contexts do not state where Nelvana Limited's headquarters is located, making the identification of Toronto as the relevant city unsupported.",2383
What does seal stand for in the operator of the list of destroyer classes of the operator of the USS Acme seals?,graphrag,0,2-hop,2026-08-21,True,All claims are fully supported by the provided contexts.,1572
"What was the form of the language that the last name Sylvester comes from, used in the era of the first Holy Roman Emperor, later known as?",graphrag,0,2-hop,2026-08-21,False,The contexts do not mention what form of Latin was used during the era of Charlemagne or what it was later known as.,2518
How many times did plague occur in the place where Bajazet's composer was born?,graphrag,0,2-hop,2026-08-21,True,"All factual statements are supported by the retrieved contexts, and the answer correctly identifies that the composer's birthplace is not present in the text.",2890
"When did the maker of the Acura Legend, the manufacturer of Toyopet Master, and Nissan open US assembly plants?",graphrag,0,2-hop,2026-08-21,False,The retrieved contexts do not mention the Toyopet Master or identify Toyota as its manufacturer.,2151
"What month did the Tripartite discussions begin between Britain, France, and the country where, despite being headquartered in the nation called the nobilities commonwealth, the top-ranking Warsaw Pact operatives originated?",graphrag,0,2-hop,2026-08-21,True,All factual claims and requirement citations are fully supported by the provided text chunks.,2208
The Beach was filmed in what location of the country that contains the birth city of Siddhi Savetsila?,graphrag,0,2-hop,2026-08-21,True,All factual claims in the answer are supported by the provided contexts.,1891
Who played who sang is she really going out with him in the composer of speechless movie?,graphrag,0,2-hop,2026-08-21,True,The answer accurately states that the retrieved contexts do not provide enough information to answer the question and correctly summarizes the provided context.,1648
When does the sport which has Jim Wilson's Cleveland team as a member start the regular season?,graphrag,0,2-hop,2026-08-21,True,All claims regarding Jim Wilson's Cleveland team and the typical start of the MLB regular season on Opening Day are directly supported by the provided contexts.,1845
When did the city where the headquarters of Barton Premium Blend's manufacturer is located elect its first black mayor?,graphrag,0,2-hop,2026-08-21,True,"All claims are supported by the retrieved contexts, which accurately acknowledge the missing information regarding the manufacturer's headquarters location.",1840
When did the luxury division of the largest auto company in the world change the body style of the rx 350?,graphrag,0,2-hop,2026-08-21,True,All claims about the Lexus RX facelift unveiling in March 2012 and RX 350 worldwide sales beginning in April 2012 are fully supported by the retrieved contexts.,1863
What is the name of the famous bridge in the birthplace of Gloria in D Major's composer?,graphrag,0,2-hop,2026-08-21,False,The retrieved contexts do not state that Antonio Vivaldi's birthplace is Venice.,1981
What is the region of the country of Sa Thầy and the territory of the Zone 5 Military Museam located?,graphrag,0,2-hop,2026-08-21,True,All statements and region associations are directly supported by the retrieved contexts.,1346
Who played the man named identically to the singer of Is She Really Going Out With Him in the movie about the composer of Speechless?,graphrag,0,2-hop,2026-08-21,True,The answer accurately summarizes what information is available in the retrieved contexts and correctly states that the remaining details required to answer the question are missing.,1803
What is the abbreviated form of the name of the country where Alfred Kurella hails from?,graphrag,0,2-hop,2026-08-21,True,The answer accurately cites the provided text and correctly notes that no abbreviation for the country is present in the context.,1214
Who is the president of the newly declared independent country that formed the Timor Leste Commission of Truth and Friendship with the country where Pantar is found?,graphrag,0,2-hop,2026-08-21,False,The contexts do not mention Pantar or state that it is found in Indonesia.,2795
"What franchise of the pro soccer organization headquartered in New York, is based in the city that produced the album considered the true portrait of the No Wave movement?",graphrag,0,2-hop,2026-08-21,True,All factual claims and citations in the answer are accurately supported by the retrieved contexts.,2190
How many square miles is the city where the Yongle emperor greeted the person to whom the edict was addressed?,graphrag,0,2-hop,2026-08-21,True,The answer accurately summarizes the retrieved context and correctly concludes that the square mileage of Nanjing is not provided.,2245
What country has the border troops of the country of the literature of the country of Karl Maron citizenship?,graphrag,0,2-hop,2026-08-21,True,The answer accurately summarizes what can be grounded from the context and correctly identifies the missing information regarding border troops.,1724
"Who is the actress who plays the role of the Queen of England in 1890, on the network that aired The Dinosaurs!?",graphrag,0,2-hop,2026-08-21,True,The answer accurately cites that The Dinosaurs! aired on PBS and correctly states that the requested actress is not identifiable from the provided context.,1861
What is the birthplace of the man who does the voice of Stan on the series that includes the episode The Hobbit?,graphrag,0,2-hop,2026-08-21,True,The answer accurately reflects the information in the provided context and correctly states that the requested birthplace is not present in the retrieved texts.,2150
What is the name of the famous bridge in the place of birth of who composed the Concerto in C Major Op 3 6?,graphrag,0,2-hop,2026-08-21,True,The answer accurately cites the composer from the context and correctly states that information about his birthplace and its famous bridge is missing.,1818
How long was the city where the Yongle emperor greeted the person the Ming court thought the representatives were sent by the capitol of Yaxing Coach's headquarters location?,graphrag,0,3+-hop,2026-08-21,True,The answer accurately states that the retrieved context does not contain sufficient information to answer the question and only includes facts directly supported by the context.,2066
"Who was the second pick in the 1999 draft of the organization, that includes the team with the most titles, in the event preceding the awarding of the MLB MVP?",graphrag,0,3+-hop,2026-08-21,True,All claims accurately reflect the retrieved contexts and correctly identify the missing information needed for a full answer.,2909
When was the region immediately north of the region of the country in Strangers No More and the Persian Gulf established?,graphrag,0,3+-hop,2026-08-21,True,The answer accurately states that the contexts lack information about 'Strangers No More' while only citing grounded facts from the provided text.,1785
What is the direction of flow of the body of water by the city sharing a border with Elizabeth Berg's birthplace?,graphrag,0,3+-hop,2026-08-21,True,"The answer correctly identifies that the retrieved passages do not contain information about Elizabeth Berg, her birthplace, or the relevant city to answer the question.",1414
Country A developed the ZH-29 and invaded Country B because their military branch that the Air Defense Artillery is a branch of was unprepared. Country B was the only communist country to have an embassy where?,graphrag,0,3+-hop,2026-08-21,True,"All factual claims made in the answer are supported by the provided contexts, and unsupported premises from the question are properly acknowledged.",1657
How were people from whom new coins were a proclamation of independence by the Somali Muslim Ajuran Empire expelled from the natural boundary between Thailand and Phommathat's country of citizenship?,graphrag,0,3+-hop,2026-08-21,True,The answer accurately states that the requested information cannot be found in the provided contexts.,1711
What shares a border with the city where the person who went to the state where the 951 area code is used during the gold rush works?,graphrag,0,3+-hop,2026-08-21,True,"All factual statements and citations in the answer are fully supported by the retrieved contexts, correctly noting the missing information.",1594
When did the birthplace of the Live and Beyond performer become the capitol of the state Knowles was from?,graphrag,0,3+-hop,2026-08-21,False,The claim that J. Mark Scearce is the 'Live and Beyond performer' is not supported by the retrieved contexts.,2399
Where does the body of water by the city where the Southeast Library designer died empty into the Gulf of Mexico?,graphrag,0,3+-hop,2026-08-21,True,The answer accurately reflects the information in the provided context and correctly identifies that the location of Ralph Rapson's death is not mentioned.,1773
"What country is between Lithuania and the country many expelled French Jews relocated to, along with the country of citizenship of Marie Antoinette's mother?",graphrag,0,3+-hop,2026-08-21,False,The contexts do not mention Lithuania or state that Poland is geographically located between Lithuania and Hungary.,2435
Who won the Indy car race in the largest city and capitol of the state where the Oh Yeah performer is from?,graphrag,0,3+-hop,2026-08-21,False,The contexts do not state that Richmond is the largest city and capital of Virginia.,2206
"The German priest, who wanted Abraham Shimonaya's religious denomination to reform, preached a sermon on Marian devotion soon before his death in which German state?",graphrag,0,3+-hop,2026-08-21,True,The answer accurately summarizes the retrieved context and correctly notes that the specific German state for Wittenberg is not provided.,2856
Where is the district that the person who wanted to reform and address Bernhard Lichtenberg's religion preached a sermon on Marian devotion before his death located?,graphrag,0,3+-hop,2026-08-21,True,"All claims in the answer are strictly supported by the provided text, and it correctly identifies that the final location detail is not present in the context.",3118
Where is the embassy in the only communist country whose military branch helping the Old West's inadequate local police was unprepared for invasion of the country conquered by the Pact?,graphrag,0,3+-hop,2026-08-21,True,"Every factual statement and citation in the answer is directly supported by the retrieved contexts, and it accurately identifies what information is missing.",1654
How many ethnic minorities were looked at differently where the only group larger than the record label of The Lost Trident Sessions is headquartered?,graphrag,0,3+-hop,2026-08-21,True,The answer correctly states that the question cannot be answered from the contexts and all cited claims are fully supported by the retrieved passages.,1586
What is the seat of the county sharing a border with the county in which Miller Electric is headquartered?,graphrag,0,3+-hop,2026-08-21,True,The answer accurately summarizes the available information in the context and correctly notes the absence of the required border and county-seat details.,1203
"The People's Socialist Republic of Albania was a member of an organization which was dissolved in Country A. Who invaded the country where many expelled French Jews relocated, other than Country A?",graphrag,0,3+-hop,2026-08-21,True,The answer accurately states that the retrieved contexts lack sufficient information to answer the question and strictly avoids introducing ungrounded claims.,2358
What county shares a border with the county where the singer of Hungry Eyes from the movie Dirty Dancing was born?,graphrag,0,3+-hop,2026-08-21,True,The answer accurately states that the retrieved contexts do not contain the singer's birthplace and correctly reports only the information provided in the context chunks.,1648
"A country's military branch, the equivalent of which in the US contains the Air Defense Artillery, was unprepared for the invasion of Ivo Werner's country. When was the word ""Slavs"" used in the national anthem of the unprepared country?",graphrag,0,3+-hop,2026-08-21,True,The answer accurately summarizes what information is present in the context and correctly identifies missing information required to fully answer the question.,1555
Who married the man who wanted to reform the institution behind the denomination constituting 12.6% of Christians in New Zealand?,graphrag,0,3+-hop,2026-08-21,True,The answer correctly identifies that the retrieved contexts do not provide enough information to determine the spouse of the reformer and accurately summarizes relevant facts from the text.,2432
Which county shares a border with the county where the most populous city in the state where Redan High School is located?,graphrag,0,3+-hop,2026-08-21,True,"All claims are supported by the retrieved contexts, and the answer accurately states that the remaining required information is missing.",1247
When did the city where Hillcrest High School is located become capitol of the state in which a statue of a Latin mother goddess is located?,graphrag,0,3+-hop,2026-08-21,True,"All factual statements and citations regarding the location of Hillcrest High School, the Alma Mater statue in Illinois, and Springfield becoming the capital of Illinois in 1839 are directly supported",2488
When did Burma change its name to the country on the natural boundary between the country that hosted the tournament and the country where That Dam is from?,graphrag,0,3+-hop,2026-08-21,True,All factual statements are supported by the provided context chunks.,1521
What is the seat of the county sharing a border with the county where Don Werner was born?,graphrag,0,3+-hop,2026-08-21,True,The answer accurately cites Don Werner's birthplace and correctly states that the full answer cannot be determined from the context.,1503
In which county is the city sharing a border with the capitol of the state where WYFG is located?,graphrag,0,3+-hop,2026-08-21,False,The answer introduces external factual claims about the capital of South Carolina and bordering cities that are not present in the retrieved contexts.,2129
When is opening day of the season of the league that the team that has the most titles from the competition they gave out MVP awards after?,graphrag,0,3+-hop,2026-08-21,True,"All factual statements and citations in the answer are directly supported by the retrieved contexts, and it accurately identifies what information is missing.",2359
What day is the Feast in the city where the headquarters of the only group larger than Desde El Principio's record label held on?,graphrag,0,3+-hop,2026-08-21,True,The answer correctly states that the question cannot be answered from the provided contexts and accurately summarizes the limited relevant information available.,1480
When did the country with a co-official language used in the film titled after the city that is the final resting place of Tito first attend the Olympics games?,graphrag,0,3+-hop,2026-08-21,False,The context does not contain information connecting a film titled after Belgrade to a co-official language of Albania.,2045
How were the same people who the Somali Muslim Ajuran Empire declared independence from expelled from the natural boundary between Thailand and the country where That Dam is found?,graphrag,0,3+-hop,2026-08-21,True,The answer accurately states that the provided contexts lack the information needed to answer the question and correctly summarizes the retrieved content.,2172
Who's the son of the Italian navigator who explored the eastern coast of the continent Manuel Balbi was born in?,graphrag,0,3+-hop,2026-08-21,True,The answer accurately reflects the information in the context and correctly identifies the missing information required to fully answer the question.,1867
What major conflict is the country between the country that hosted the tournament and the country where That Dam is from known for?,graphrag,0,3+-hop,2026-08-21,True,The answer accurately summarizes the retrieved context and correctly states that the information required to answer the question is missing.,1884
In what county is the city that shares a border with the capital of the state where Levi Casey was born?,graphrag,0,3+-hop,2026-08-21,True,"All claims are supported by the provided text, and the answer accurately states that the necessary information to fully answer the question is missing from the context.",2425
Who won the Indy car race in the largest city and capital of the state where the performer of Tijuana Moods was born?,graphrag,0,3+-hop,2026-08-21,True,The answer accurately summarizes what information is available in the retrieved contexts and correctly identifies the missing details required to fully answer the question.,1572
The country that Eyal Golan is from lies within a certain region. When was the area that lies immediately to the north of that region established?,graphrag,0,3+-hop,2026-08-21,True,"All facts stated are supported by the context, and it correctly identifies that the requested establishment date is missing from the texts.",2044
How were people from whom new coins were a proclamation of independence by the Somali Muslim Ajuran Empire expelled from the natural boundary between Thailand and Muang Kasi's country?,graphrag,0,3+-hop,2026-08-21,True,The answer accurately reflects the retrieved contexts and correctly identifies the missing information.,1966
What continent is the country located near the country of citizenship of The Book Thief's author part of?,graphrag,0,3+-hop,2026-08-21,False,The retrieved contexts do not state the country of citizenship of Markus Zusak.,1852
When was the region that lies to the north of where Israel is located and where Shamal is located established?,graphrag,0,3+-hop,2026-08-21,True,All statements and references in the answer are directly supported by the retrieved contexts.,2673
"During British rule, what wood product was produced primarily in the country between the country that hosted the tournament and the country where That Dam is from?",graphrag,0,3+-hop,2026-08-21,True,The answer accurately identifies that the retrieved contexts do not provide sufficient information to determine the wood product and grounds its partial observations strictly in the context.,1988
There is a state A where Storm of the Century was filmed based on the book by the author who wrote a short story featuring the author of This Is My God. What is the population of state A?,graphrag,0,3+-hop,2026-08-21,True,The answer accurately states that the provided contexts lack the necessary information to determine where the miniseries was filmed and the population of that state.,2292
"In 1900, what was the population of the second largest city in the state where the Oh Yeah performer is from?",graphrag,0,3+-hop,2026-08-21,True,The answer accurately states that the context lacks the required 1900 population information and correctly grounds its observations about Oklahoma cities in the provided text.,2813
"Among the top five largest urban areas in the state Jacoby Shaddix' band formed in, where does the city Veoh's headquarters are located rank?",graphrag,0,3+-hop,2026-08-21,True,All factual statements are supported by the provided context and properly acknowledge the missing ranking information.,1680
"The German priest, who wanted Jean Hengen's religious denomination to reform, preached a sermon on Marian devotion a month before his death in what German state?",graphrag,0,3+-hop,2026-08-21,False,The retrieved contexts do not mention the German state of Saxony-Anhalt where Wittenberg is located.,2727
What year did the country that is the natural boundary between where tournament was hosted and where That Dam is located host the ASEAN Conference?,graphrag,0,3+-hop,2026-08-21,True,The answer accurately states what is and is not supported by the context and correctly identifies missing information.,1417
Who won the Indy car race in the largest city and the capital of the US state of origin of the performer of The Black Saint and the Sinner Lady?,graphrag,0,3+-hop,2026-08-21,False,"The answer falsely claims the context passages identify Phoenix, Arizona as the largest city and capital, details which are not present in the text.",2071
"Despite being located in East Belgium, the Carnival of the birth place of Guido Maus harks purely to an area. What was the language having the same name as this area of the era with Fastrada's spouse's name later known as?",graphrag,0,3+-hop,2026-08-21,False,The claims regarding the Carolingian era and Carolingian Latin are not present or supported in the retrieved contexts.,2139
How were people from whom new coins were a proclamation of independence by the Somali Muslim Ajuran Empire expelled from the natural boundary between Thailand and A Magne's country?,graphrag,0,3+-hop,2026-08-21,True,The answer accurately states that the question cannot be answered from the provided contexts and faithfully reflects the available information with correct citations.,1722
In which county is the city sharing a border with the capitol of the state that won the Battle of Sullivan's Island?,graphrag,0,3+-hop,2026-08-21,True,"All facts stated are supported by the provided text, and the answer accurately identifies that the context lacks sufficient information to determine the bordering city and its county.",2355
Who won the Indy Car Race in the largest populated city of the state where the performer of Tijuana Moods is from?,graphrag,0,3+-hop,2026-08-21,True,The answer accurately reflects the contents of the retrieved contexts and correctly states that the necessary information to answer the question is missing.,1803
What movement did the person who wanted to reform and address the church that the general population converted to lead?,graphrag,0,3+-hop,2026-08-21,True,The answer accurately reflects the contents and limitations of the retrieved context without introducing unsupported claims.,2332
"Among the top five largest urban areas in the state where Infest's performer was formed, where does Tammy Leitner's birth city rank?",graphrag,0,3+-hop,2026-08-21,True,The answer accurately states what is and is not supported by the retrieved contexts.,1871
When was the most recent Bicycle Friendly Community Award given to the city where the headquarters of the only group larger than the company BMG partnered with in 2005-07?,graphrag,0,3+-hop,2026-08-21,True,"All claims are strictly supported by the retrieved contexts, correctly noting the missing link to Universal Music Group's headquarters.",1905
"A country gained control of Florida after the war in which Charles Edmund Nugent saw action. Besides their locations in that country, what other differences are there between Real Madrid and the football team from the city where Aleran died?",graphrag,0,3+-hop,2026-08-21,False,"The answer implies Florida was ceded to Spain in 1783 after the French Revolutionary Wars, contradicting MQ-185-P16 which states it occurred after the American Revolutionary War.",3400
A group of nations of which the People's Socialist Republic of Albania was a member was controlled by one country. When did that country agree to a unified Germany inside of the organization Eisenhower would not discuss during the campaign?,graphrag,0,3+-hop,2026-08-21,True,"The answer is fully supported by the retrieved contexts, specifically regarding the Soviet Union's control over the Eastern bloc and Gorbachev's May 1990 statement regarding Germany's NATO alignment.",2962
There is a video game named after the sports association that chooses where the super bowl is held. What was Nintendo's limit on games per developer per year on that game's platform?,graphrag,0,3+-hop,2026-08-21,True,All claims regarding the game NFL on the NES and Nintendo's five games per developer per year limit are fully supported by the retrieved contexts.,2435
Where is the district that the person who wanted to reform and address the religion that practices candidacy preach a sermon on Marian devotion before his death located?,graphrag,0,3+-hop,2026-08-21,True,The answer accurately reflects the provided context and correctly identifies that the context does not contain the location of the district.,2459
what is the largest city the country that is a natural boundary between the country that hosted the tournament and the country That Dam is located?,graphrag,0,3+-hop,2026-08-21,True,The answer accurately states that the retrieved context lacks sufficient information to answer the question and correctly summarizes only what is available in the text.,2035
"During British rule, what wood was mostly produced in the nation that's the boundary between the host of the 2020 AFC U-23 Championship qualification, and the nation containing A Don?",graphrag,0,3+-hop,2026-08-21,True,"The answer accurately states that the retrieved context lacks the necessary information to answer the question, correctly citing the available details.",1587
"What were the Genesis's advantages over the platform with a three letter abbreviation, that had a video game named after the league in charge of the Super Bowl halftime show?",graphrag,0,3+-hop,2026-08-21,True,"All claims, citations, and inferences in the answer are directly supported by the retrieved contexts, and missing information is appropriately acknowledged.",2503
What shares a border with the city where the person who went to the state where the planes were originally going on 9/11 during the gold rush works?,graphrag,0,3+-hop,2026-08-21,True,The answer accurately cites facts from the context and correctly identifies that the context lacks sufficient information to resolve the multi-hop question.,1951
who has had the most hits in the league that includes the team that has played the most games of the type played just before the league MVP is awarded?,graphrag,0,3+-hop,2026-08-21,True,The answer accurately summarizes what information is present and correctly identifies that the contexts lack sufficient information to answer the question.,2368
Which county shares a border with the county where the most populous city in the state where WSFN can be found is located?,graphrag,0,3+-hop,2026-08-21,True,The answer accurately states that the provided contexts only establish WSFN's location in Georgia and do not contain the rest of the information needed to answer the question.,1403
"When did the city that WIZE is licensed to broadcast to, become the capital of the state, that contains the county where the Battle of Rich Mountain occurred?",graphrag,0,3+-hop,2026-08-21,True,The answer accurately states what is supported by the contexts and correctly notes the missing information required to fully answer the question.,1551
New coins by the Somali Muslim Ajuran Empire were a proclamation of independence from a nation. How were the people of that nation expelled from country that borders Thailand and Ban Nampo village's country?,graphrag,0,3+-hop,2026-08-21,True,The answer accurately summarizes the available information from the context and correctly states that the remaining details required to answer the question are missing.,1816
Which county shares a border with the county where the city in which the original singer of All By Myself was born is located?,graphrag,0,3+-hop,2026-08-21,True,The answer accurately summarizes what is grounded in the retrieved contexts and correctly states that the remaining details required to answer the question are missing.,1886
Who won the Indy car race in the largest city and capitol of the state where the Changes Two performer is from?,graphrag,0,3+-hop,2026-08-21,False,The contexts do not state that Richmond is the largest city and capital of the state.,2162
When was the most recent Bicycle Friendly Community Award given to the city where the only group larger than the record label of Desde El Principio is headquartered?,graphrag,0,3+-hop,2026-08-21,True,The answer accurately states what is present and missing in the context without introducing unsupported factual claims.,2004
